"Deposit","Age","Job"
81294.7565058768,57,"Manufacturing"
88027.4007901847,60,"Self-employed"
87687.928925246,48,"Professional"
94580.7146818638,51,"Manufacturing"
43316.6834231019,25,"Self-employed"
79689.9991207719,37,"Manufacturing"
80534.3461435437,53,"Self-employed"
84641.8637034893,34,"Professional"
68351.0064355284,35,"Manufacturing"
60815.8809557408,39,"Self-employed"
60159.0200560689,32,"Manufacturing"
65748.2917200774,71,"Self-employed"
100598.627825633,30,"Professional"
90331.2581896335,75,"Self-employed"
97517.2234856635,70,"Professional"
82068.1430810243,44,"Manufacturing"
66368.7470958233,23,"Manufacturing"
94227.3518176824,36,"Manufacturing"
118685.257156,55,"Professional"
79854.4634383321,52,"Manufacturing"
70824.5127809644,59,"Self-employed"
78691.6774139255,67,"Self-employed"
95855.8183618486,24,"Professional"
102555.414735213,24,"Professional"
87364.0927232951,53,"Self-employed"
123089.223383516,66,"Professional"
78443.2267249674,44,"Manufacturing"
118846.762924239,57,"Professional"
94682.4338419437,62,"Professional"
63066.3344259858,49,"Manufacturing"
61889.8569624275,43,"Self-employed"
119495.948222548,72,"Professional"
118856.349795431,52,"Professional"
121369.580788761,51,"Professional"
77480.4138681442,33,"Self-employed"
103433.341058522,55,"Professional"
92499.3270007074,20,"Professional"
58065.2381594777,24,"Manufacturing"
50628.158757627,23,"Self-employed"
68358.7961645573,23,"Self-employed"
70013.012221083,20,"Manufacturing"
96548.101587519,35,"Manufacturing"
121732.163347721,42,"Professional"
97208.8075587004,59,"Professional"
85088.2032696009,38,"Manufacturing"
108260.948683754,73,"Manufacturing"
102806.504576772,52,"Professional"
85706.5283418298,48,"Manufacturing"
77954.5085830837,43,"Manufacturing"
51013.1553485394,43,"Self-employed"
54745.3410399407,52,"Self-employed"
86810.6327540278,53,"Manufacturing"
70055.0145854354,69,"Manufacturing"
102729.816061363,70,"Professional"
84239.5377707332,24,"Professional"
85946.1061880738,55,"Manufacturing"
125303.367774799,58,"Professional"
75762.8730046004,25,"Manufacturing"
57858.1183188409,30,"Manufacturing"
62885.9197666347,33,"Manufacturing"
115096.441557035,41,"Professional"
97689.2298033237,73,"Professional"
92003.1804164946,62,"Professional"
81570.1313990653,24,"Manufacturing"
104410.007679567,45,"Professional"
91207.8694412857,26,"Professional"
65866.8102587461,47,"Self-employed"
67728.5785101652,60,"Self-employed"
55454.4470197856,43,"Self-employed"
89035.8759687096,55,"Manufacturing"
82305.7039815038,28,"Manufacturing"
99135.2275197208,56,"Professional"
81292.8898543715,48,"Manufacturing"
106334.879706264,44,"Professional"
60242.4428980947,27,"Manufacturing"
79654.3580878079,75,"Self-employed"
41614.1295112818,28,"Self-employed"
61934.9776450545,20,"Manufacturing"
69064.879310891,28,"Self-employed"
81693.183890149,72,"Manufacturing"
83055.1985239983,75,"Manufacturing"
115325.227408379,22,"Professional"
72756.7666875571,25,"Manufacturing"
91995.3272902817,33,"Manufacturing"
84653.5800144225,53,"Self-employed"
67050.6062516123,19,"Manufacturing"
80906.7567294836,51,"Self-employed"
57811.6385940015,24,"Manufacturing"
119836.911585957,35,"Professional"
93440.6864088625,48,"Manufacturing"
79419.1268443614,25,"Self-employed"
73548.4152342826,31,"Manufacturing"
90243.9678232372,61,"Self-employed"
94965.2379358709,58,"Professional"
71754.0142423809,43,"Self-employed"
90760.9483545125,33,"Manufacturing"
106001.976670384,73,"Manufacturing"
120065.419652447,59,"Professional"
71349.0167151392,36,"Self-employed"
87643.0171833485,69,"Manufacturing"
69620.4717215598,66,"Manufacturing"
88359.3654971868,60,"Self-employed"
101439.994080544,55,"Professional"
104307.228631109,74,"Manufacturing"
87805.2838785648,61,"Manufacturing"
117433.271701589,50,"Professional"
83518.6323519051,60,"Manufacturing"
111540.584034815,32,"Professional"
54023.7523405254,26,"Self-employed"
95810.6306589097,46,"Manufacturing"
79092.0963768512,73,"Manufacturing"
93259.6082821935,42,"Professional"
59210.6850703806,40,"Manufacturing"
87949.2359317839,46,"Professional"
100084.047471374,28,"Professional"
96753.0900489986,41,"Manufacturing"
91772.0450469851,66,"Self-employed"
99649.9505246878,47,"Professional"
114371.050329283,41,"Professional"
70642.0917872488,52,"Manufacturing"
104737.256153792,52,"Professional"
64003.000801757,24,"Manufacturing"
59737.5181601644,26,"Manufacturing"
59045.4562504143,34,"Manufacturing"
113285.417802095,19,"Professional"
68205.6381498873,33,"Manufacturing"
46469.0567664504,32,"Self-employed"
72507.6031516939,32,"Self-employed"
95599.7623060942,20,"Professional"
122633.303515375,34,"Professional"
84902.2345325649,39,"Manufacturing"
68493.3108582646,75,"Self-employed"
117621.208341062,28,"Professional"
57115.4252627045,45,"Self-employed"
132638.082338005,65,"Professional"
78432.9085558057,18,"Professional"
83780.882825166,44,"Self-employed"
63513.2676612735,52,"Manufacturing"
46127.0200521946,27,"Self-employed"
77809.0013246983,20,"Manufacturing"
54201.3591926992,42,"Self-employed"
70693.5138052553,69,"Self-employed"
116749.618749991,36,"Professional"
90916.6809937507,57,"Manufacturing"
73900.7158183157,73,"Manufacturing"
67780.8113362938,60,"Self-employed"
99362.9722004533,72,"Manufacturing"
109621.887778178,74,"Professional"
113424.104300365,26,"Professional"
59574.9897840321,72,"Self-employed"
105185.534131721,37,"Professional"
76917.0191140622,23,"Self-employed"
91320.6577230394,53,"Professional"
83212.6223974377,42,"Self-employed"
73911.9867197573,42,"Manufacturing"
85789.1497600675,64,"Self-employed"
103055.431992337,66,"Professional"
55581.8907824755,34,"Self-employed"
66586.7825162262,23,"Manufacturing"
102525.465837821,50,"Professional"
119527.150414258,52,"Professional"
82289.2837218344,68,"Self-employed"
73640.9803327769,74,"Self-employed"
83086.8346261531,65,"Self-employed"
83533.6856141835,52,"Manufacturing"
64441.2264249772,24,"Manufacturing"
129380.160088077,64,"Professional"
103352.216274485,37,"Professional"
62177.3412774354,29,"Self-employed"
78445.7093914151,19,"Manufacturing"
52616.4413151443,45,"Self-employed"
66874.2151965052,74,"Self-employed"
73782.1625050008,63,"Manufacturing"
60355.5552941263,67,"Self-employed"
85477.5622440428,54,"Manufacturing"
94543.2525301725,50,"Manufacturing"
74940.9841045141,18,"Self-employed"
97517.4158341438,60,"Manufacturing"
113247.416157171,47,"Professional"
103644.724662393,48,"Professional"
77253.0175297856,43,"Self-employed"
62436.2170104533,49,"Self-employed"
93152.8014448285,55,"Manufacturing"
110727.325614959,42,"Professional"
54435.2580717504,65,"Self-employed"
122514.422137707,42,"Professional"
87203.7051512897,28,"Manufacturing"
82847.3017349094,36,"Self-employed"
91327.3497031778,47,"Manufacturing"
75984.1843009293,60,"Self-employed"
73959.066627875,24,"Manufacturing"
102601.663783252,49,"Professional"
102277.142681062,64,"Manufacturing"
100734.467069238,55,"Professional"
69961.4959430546,74,"Self-employed"
115100.801617295,53,"Professional"
96071.8099649549,74,"Manufacturing"
85356.9857548177,61,"Self-employed"
82661.9243551791,31,"Professional"
62944.7465860546,26,"Manufacturing"
65157.410135895,60,"Self-employed"
100971.259625837,68,"Manufacturing"
65239.1692344546,67,"Self-employed"
87587.2247705013,22,"Manufacturing"
87932.3280437738,46,"Manufacturing"
53000.0039419532,51,"Self-employed"
71123.0191533864,33,"Manufacturing"
124529.997199804,60,"Professional"
120755.393885791,57,"Professional"
51323.8998368531,28,"Self-employed"
94612.1722075194,28,"Manufacturing"
87844.8700883985,40,"Manufacturing"
74169.6155956239,43,"Manufacturing"
63340.7532216311,51,"Manufacturing"
99055.6615307182,60,"Manufacturing"
73430.3870316148,25,"Self-employed"
77748.5808608234,19,"Manufacturing"
103322.303911239,43,"Professional"
115983.628645629,38,"Professional"
125704.860330507,59,"Professional"
59010.2445288152,32,"Manufacturing"
71086.3763382286,66,"Self-employed"
68843.8442527652,68,"Self-employed"
85629.0406585783,44,"Manufacturing"
85359.6695448905,56,"Manufacturing"
74524.8295952678,20,"Self-employed"
94864.9642442763,58,"Manufacturing"
78617.8115886152,66,"Manufacturing"
98888.866176188,69,"Manufacturing"
97648.9071097225,21,"Professional"
64095.9481777698,37,"Self-employed"
67079.0198873729,20,"Manufacturing"
114337.317745239,26,"Professional"
93302.4662203789,56,"Manufacturing"
89678.6506844461,23,"Professional"
81415.893066749,55,"Manufacturing"
129988.337777719,73,"Professional"
70762.4754327685,43,"Self-employed"
58375.6060129404,26,"Self-employed"
73910.6327511668,34,"Manufacturing"
64890.8743046969,30,"Manufacturing"
89821.3619736433,34,"Professional"
81909.0785057396,19,"Manufacturing"
89439.011696279,61,"Self-employed"
120436.241430894,45,"Professional"
92559.2879668921,45,"Professional"
84531.1074191928,43,"Manufacturing"
94305.839920938,66,"Professional"
65110.6646136194,55,"Manufacturing"
77547.0665563941,45,"Self-employed"
94859.7224392891,38,"Professional"
80462.7542791814,30,"Self-employed"
76848.6333529949,25,"Self-employed"
85845.3506922126,22,"Manufacturing"
93948.795324266,55,"Manufacturing"
57135.2454970926,18,"Self-employed"
92761.7532994747,28,"Professional"
88962.9053142816,37,"Manufacturing"
114881.771548688,26,"Professional"
83980.5849925578,37,"Manufacturing"
72086.7707268596,27,"Self-employed"
54642.7027843893,20,"Manufacturing"
55005.958414793,57,"Self-employed"
69033.3783170134,55,"Self-employed"
77585.9251035154,48,"Self-employed"
116706.5376371,39,"Professional"
50216.5950633138,25,"Self-employed"
96406.4789203703,47,"Manufacturing"
92487.4148820043,42,"Professional"
74629.9506369084,54,"Self-employed"
70913.2339174747,46,"Manufacturing"
80354.7694724351,59,"Manufacturing"
96947.6215080023,48,"Manufacturing"
60779.234002918,27,"Manufacturing"
41343.8711257875,19,"Self-employed"
102346.605835035,60,"Manufacturing"
51260.8682094663,33,"Self-employed"
70534.3537440747,19,"Self-employed"
79905.927615121,64,"Manufacturing"
124901.248802245,46,"Professional"
71530.442560032,42,"Manufacturing"
68972.1964456588,41,"Manufacturing"
100659.22119692,70,"Manufacturing"
76600.3190913945,23,"Self-employed"
80099.147230655,47,"Self-employed"
104607.816321313,54,"Professional"
54797.9367474169,62,"Self-employed"
72623.2148513794,24,"Self-employed"
67277.7687414885,67,"Manufacturing"
54091.9487637132,24,"Self-employed"
103282.736169592,42,"Professional"
96287.0883532763,38,"Professional"
67420.644744426,67,"Manufacturing"
89843.8013510406,40,"Manufacturing"
103349.697570771,71,"Manufacturing"
68620.047047779,67,"Self-employed"
61979.3157030195,34,"Manufacturing"
79028.0971042216,43,"Self-employed"
73526.1063959748,34,"Manufacturing"
63681.8360508233,30,"Manufacturing"
89379.6247097999,18,"Professional"
83900.1651329547,41,"Self-employed"
92848.7574017644,28,"Manufacturing"
69950.4250791669,55,"Manufacturing"
95117.6519941986,41,"Manufacturing"
81681.2992451936,69,"Self-employed"
92261.9592438191,40,"Professional"
66651.7330541462,35,"Manufacturing"
52847.7372695804,45,"Self-employed"
90225.3667116612,66,"Manufacturing"
81688.9966461062,60,"Manufacturing"
110617.780196682,28,"Professional"
91196.2044321001,46,"Professional"
117811.419259131,52,"Professional"
114584.23868984,31,"Professional"
76550.522080183,27,"Self-employed"
76233.6220855415,58,"Self-employed"
69833.3010775894,54,"Manufacturing"
73758.965189293,28,"Manufacturing"
82268.7124825418,68,"Self-employed"
111828.804514542,39,"Professional"
112041.63511008,26,"Professional"
114796.090490684,43,"Professional"
63067.2275212258,23,"Manufacturing"
107674.361316353,58,"Professional"
94024.9561278522,51,"Professional"
132855.618060648,72,"Professional"
59614.8228020221,31,"Self-employed"
61366.4856850505,43,"Self-employed"
61463.3679340035,51,"Self-employed"
68754.7707630247,29,"Manufacturing"
97006.549184531,58,"Manufacturing"
99010.7335789204,61,"Manufacturing"
55874.5993776768,33,"Self-employed"
71479.8944837898,24,"Manufacturing"
62658.5385343283,43,"Manufacturing"
92896.2885238677,42,"Professional"
120622.553050354,69,"Professional"
99055.4868569523,54,"Manufacturing"
74046.9409063458,70,"Manufacturing"
80982.7894204855,65,"Manufacturing"
75138.487947464,69,"Manufacturing"
60424.4958525747,44,"Self-employed"
75586.1635083705,51,"Self-employed"
92186.4339975417,72,"Manufacturing"
76591.4779530317,34,"Self-employed"
103998.6366539,40,"Professional"
94866.0809093267,69,"Manufacturing"
47843.8464401513,19,"Self-employed"
91745.4075108021,40,"Professional"
68745.8983279765,45,"Manufacturing"
86720.7665555626,67,"Self-employed"
58236.6474321187,37,"Self-employed"
75190.4898487628,73,"Manufacturing"
102169.046022356,64,"Professional"
58160.7086796761,42,"Self-employed"
112664.666216135,74,"Professional"
128439.164839551,58,"Professional"
127884.361076415,74,"Professional"
53932.1618206054,61,"Self-employed"
76224.6478409171,49,"Self-employed"
71917.5816984177,26,"Manufacturing"
100253.041761354,64,"Professional"
93743.0917171389,40,"Manufacturing"
94973.1276299059,35,"Manufacturing"
104693.960276306,24,"Professional"
110405.443017483,61,"Professional"
102463.838982761,30,"Professional"
113357.875005588,74,"Professional"
75516.6514396369,57,"Self-employed"
114331.726175025,51,"Professional"
84072.2366275042,22,"Manufacturing"
58662.3977705389,24,"Manufacturing"
80928.1519818753,32,"Self-employed"
61200.3006511331,37,"Manufacturing"
55276.8858735561,20,"Self-employed"
77141.3531683534,52,"Manufacturing"
73754.1949359924,69,"Self-employed"
58274.8182939589,69,"Self-employed"
124416.953324944,67,"Professional"
69785.0934674591,40,"Manufacturing"
92838.5817299634,29,"Professional"
89642.3166260123,21,"Professional"
89611.0209204853,74,"Self-employed"
81132.0525578111,47,"Self-employed"
58752.3016863316,30,"Manufacturing"
51297.7759269923,55,"Self-employed"
104434.448626742,70,"Professional"
62965.3608617038,48,"Manufacturing"
102703.150923729,30,"Professional"
71569.3870797306,50,"Self-employed"
121299.772633165,36,"Professional"
62634.3914875984,44,"Self-employed"
70335.2521134913,75,"Manufacturing"
50063.6023267061,47,"Self-employed"
79491.0957507193,67,"Manufacturing"
110100.671488747,25,"Professional"
95299.6603727192,39,"Professional"
92034.6499353498,64,"Self-employed"
94726.6484099627,61,"Professional"
90843.4948397726,29,"Manufacturing"
70853.0637521595,35,"Self-employed"
98013.4201615006,22,"Professional"
117624.813176647,25,"Professional"
128370.351084098,66,"Professional"
117194.855158657,65,"Professional"
63743.8712925613,37,"Manufacturing"
121713.360334396,44,"Professional"
92699.0829997063,34,"Manufacturing"
92030.0344534665,41,"Manufacturing"
87927.4762105793,49,"Professional"
52518.4969291389,60,"Self-employed"
83749.6443517357,39,"Self-employed"
49450.5060372055,45,"Self-employed"
73596.9368140101,72,"Self-employed"
96115.9031723887,51,"Manufacturing"
57610.2909747064,24,"Manufacturing"
91778.2573397458,60,"Manufacturing"
118718.305074856,74,"Professional"
90513.4426111728,75,"Manufacturing"
81558.886812523,71,"Manufacturing"
93125.8819368482,31,"Professional"
66789.9935883135,48,"Manufacturing"
102917.681018606,57,"Professional"
77634.5486274362,50,"Manufacturing"
77670.1773171425,20,"Self-employed"
112022.354055524,75,"Professional"
88558.8409782052,23,"Manufacturing"
66487.453798756,54,"Manufacturing"
54761.0868328363,45,"Self-employed"
85805.7602922171,64,"Manufacturing"
132643.109748468,75,"Professional"
99257.1113611162,58,"Professional"
83316.3054412454,19,"Professional"
91623.8881969601,73,"Self-employed"
83464.2108463198,42,"Self-employed"
60146.7654745579,25,"Self-employed"
55556.1054303944,57,"Self-employed"
69295.1771194488,51,"Self-employed"
48708.7828463763,47,"Self-employed"
71998.45796974,28,"Self-employed"
52025.6430487186,54,"Self-employed"
71669.6862067431,67,"Manufacturing"
91020.4603425711,49,"Manufacturing"
92587.393218115,19,"Professional"
123391.808792681,45,"Professional"
60696.0282153934,50,"Self-employed"
77287.1897387654,43,"Self-employed"
98750.3271327317,38,"Professional"
68001.1761409193,63,"Self-employed"
69537.7018794864,42,"Self-employed"
88755.5461076647,40,"Manufacturing"
90855.3519545048,29,"Manufacturing"
90887.9220254272,50,"Professional"
79098.8856139481,72,"Self-employed"
82459.1895489693,65,"Self-employed"
57598.5467976779,47,"Self-employed"
92305.8035577238,58,"Professional"
76825.7550413609,47,"Self-employed"
70639.016839996,59,"Self-employed"
99963.4202573448,70,"Manufacturing"
95242.4520123452,31,"Manufacturing"
77860.5741746426,32,"Self-employed"
80633.4661366045,65,"Manufacturing"
91567.8175502121,49,"Professional"
97468.1553690881,36,"Professional"
92076.4582085758,18,"Professional"
96986.0242532343,73,"Professional"
58599.5716526508,43,"Self-employed"
41244.5839419961,21,"Self-employed"
67285.2622989565,46,"Self-employed"
76041.9433424771,32,"Manufacturing"
107777.505424425,55,"Professional"
87408.3252886534,69,"Self-employed"
112041.491481483,37,"Professional"
78234.9025259465,39,"Manufacturing"
65491.1594207585,35,"Manufacturing"
100008.651486725,67,"Manufacturing"
100309.069217294,61,"Professional"
103044.883652508,70,"Professional"
66679.6311805099,37,"Self-employed"
105697.809183821,75,"Manufacturing"
95720.6986943483,44,"Professional"
70142.3272186071,70,"Self-employed"
79402.8228990734,70,"Manufacturing"
122061.785178125,58,"Professional"
48054.064768061,40,"Self-employed"
40165.9200350642,22,"Self-employed"
82318.13115412,63,"Self-employed"
49621.1923321337,41,"Self-employed"
92981.6765818447,32,"Professional"
77319.2616713941,48,"Self-employed"
105036.811371148,46,"Professional"
66835.0108155459,34,"Self-employed"
53573.0916703194,37,"Self-employed"
112314.132953748,68,"Professional"
118632.49199523,44,"Professional"
78987.4742180556,67,"Self-employed"
87166.7580404282,37,"Manufacturing"
97453.5097205192,20,"Professional"
47851.6225814223,43,"Self-employed"
91518.999113515,46,"Professional"
85696.659085229,30,"Manufacturing"
120834.177515388,70,"Professional"
73526.0873529166,53,"Manufacturing"
74319.1343821734,27,"Manufacturing"
122040.151715532,40,"Professional"
67891.5309890658,25,"Self-employed"
57683.2075714469,43,"Self-employed"
62174.109361127,55,"Self-employed"
92130.8787924945,47,"Manufacturing"
65125.4020480365,30,"Self-employed"
103358.828482538,58,"Manufacturing"
128744.348218665,71,"Professional"
68296.2652085423,37,"Self-employed"
120142.263292253,70,"Professional"
68846.1651022732,35,"Manufacturing"
92687.0349231958,38,"Manufacturing"
121705.050165027,62,"Professional"
83736.4202281088,66,"Self-employed"
84908.7635025829,41,"Manufacturing"
126511.907685578,60,"Professional"
55641.9091240466,63,"Self-employed"
59268.7426355332,74,"Self-employed"
96088.8075739741,48,"Manufacturing"
91001.8164264411,26,"Professional"
92736.077203393,48,"Professional"
69540.7966279984,41,"Self-employed"
97402.0516055226,57,"Manufacturing"
95645.9098416418,54,"Professional"
86819.0570833385,44,"Professional"
87523.9968100637,61,"Manufacturing"
69109.6924732029,57,"Manufacturing"
67027.2172226161,58,"Self-employed"
112484.003693834,26,"Professional"
59880.245788157,33,"Manufacturing"
99294.8593874574,20,"Professional"
48123.1467537582,21,"Self-employed"
67516.5155559778,45,"Manufacturing"
59880.4214161485,23,"Manufacturing"
66292.7808385193,39,"Self-employed"
110405.32592918,20,"Professional"
74498.460584566,23,"Manufacturing"
103269.311733767,51,"Professional"
73747.5626555383,69,"Manufacturing"
113309.042473793,54,"Professional"
120156.454241291,53,"Professional"
105182.236100882,41,"Professional"
119501.434586376,30,"Professional"
60020.9577064365,42,"Manufacturing"
82889.8025047779,31,"Professional"
110027.797402129,74,"Professional"
128095.26690422,54,"Professional"
88810.4554110467,52,"Professional"
93642.3717620671,71,"Manufacturing"
69178.3307307512,45,"Self-employed"
63028.3659274131,51,"Self-employed"
65136.6014814228,19,"Self-employed"
81395.7261949778,70,"Manufacturing"
115214.266671836,26,"Professional"
79108.0692651421,64,"Manufacturing"
59380.1294843704,54,"Self-employed"
97524.2152654827,52,"Professional"
68648.6509396285,32,"Manufacturing"
88887.9782134444,72,"Manufacturing"
60110.476181373,38,"Self-employed"
103217.663063616,59,"Professional"
122627.990921959,71,"Professional"
121570.63265644,41,"Professional"
62381.6592276692,23,"Manufacturing"
77860.3049774617,63,"Self-employed"
99195.9993301928,29,"Professional"
48793.5956467241,35,"Self-employed"
118122.538818046,71,"Professional"
109265.725527704,46,"Professional"
72304.3635327816,42,"Self-employed"
84180.8855582178,28,"Professional"
117489.843089774,22,"Professional"
54763.1126816422,28,"Manufacturing"
59607.8688364774,35,"Self-employed"
54840.2542689592,48,"Self-employed"
127217.504849166,65,"Professional"
69283.3501710445,72,"Self-employed"
99132.0228987187,55,"Manufacturing"
93078.2951640338,51,"Professional"
104020.294485047,30,"Professional"
91057.0168008953,29,"Manufacturing"
72146.552958712,46,"Self-employed"
74125.4252376854,71,"Manufacturing"
71499.7006708086,52,"Self-employed"
111561.387859151,58,"Professional"
86449.0034215897,30,"Manufacturing"
65149.5072449595,54,"Self-employed"
76170.6816027761,71,"Manufacturing"
67268.1000346839,58,"Self-employed"
100331.149435267,50,"Manufacturing"
64821.6879816949,69,"Self-employed"
98737.6631936282,43,"Manufacturing"
106691.23038289,27,"Professional"
81543.6443327069,36,"Manufacturing"
77309.2600399405,48,"Self-employed"
59421.9919228107,20,"Self-employed"
78653.0905213058,38,"Manufacturing"
105166.891477734,45,"Professional"
57862.1792930216,29,"Self-employed"
47884.9315026999,19,"Self-employed"
88970.9633098096,70,"Self-employed"
60931.4508478642,24,"Manufacturing"
59187.0210497975,68,"Self-employed"
90451.7072544843,58,"Manufacturing"
54178.3040635586,60,"Self-employed"
70135.0845482796,24,"Self-employed"
92620.8370701075,49,"Professional"
76774.6429180056,52,"Self-employed"
67442.8739653081,70,"Self-employed"
78278.7383503765,74,"Manufacturing"
110553.743656039,74,"Professional"
65904.8109573871,40,"Manufacturing"
72439.5637469739,26,"Self-employed"
89736.3870035857,70,"Manufacturing"
87704.496916011,21,"Professional"
101614.005715027,70,"Manufacturing"
94244.0811659098,46,"Manufacturing"
100600.293347925,18,"Professional"
59104.1928831041,24,"Manufacturing"
93577.3123542666,46,"Manufacturing"
79006.2450847626,29,"Self-employed"
82374.7899163812,60,"Self-employed"
50676.5465210974,39,"Self-employed"
101266.436480746,52,"Manufacturing"
92276.9719044417,64,"Manufacturing"
85975.5932506174,71,"Self-employed"
87381.0879386961,71,"Self-employed"
114956.759921998,23,"Professional"
66184.8776102364,60,"Self-employed"
113548.916252941,33,"Professional"
80061.2574362606,58,"Manufacturing"
77705.9706296027,60,"Manufacturing"
64054.4261237085,58,"Manufacturing"
102564.913760662,23,"Professional"
115819.224004611,48,"Professional"
121213.90288578,68,"Professional"
63572.9785666466,23,"Manufacturing"
60136.075805679,30,"Self-employed"
70372.1740575284,47,"Manufacturing"
84699.2225192487,46,"Self-employed"
72518.7932785898,35,"Self-employed"
96378.1077124774,24,"Professional"
118099.442458466,68,"Professional"
67551.2233422697,65,"Manufacturing"
119479.995505154,28,"Professional"
59702.4401151538,38,"Self-employed"
57316.5498484075,27,"Manufacturing"
71253.8335050792,18,"Self-employed"
110300.231892407,23,"Professional"
80127.0761929452,45,"Manufacturing"
101912.576820165,19,"Professional"
93648.3179485798,50,"Manufacturing"
103402.19574368,19,"Professional"
64701.9235455841,33,"Manufacturing"
68962.782676816,60,"Manufacturing"
122695.657445505,53,"Professional"
96363.6468957663,50,"Professional"
56576.2769737393,20,"Self-employed"
116960.439186499,25,"Professional"
82718.3464622498,50,"Manufacturing"
66953.1940190196,61,"Manufacturing"
61129.1903207749,40,"Self-employed"
84038.0488966852,51,"Manufacturing"
101458.236152396,38,"Professional"
54509.9820198268,23,"Self-employed"
89081.7018452436,18,"Professional"
95502.9650146365,68,"Manufacturing"
79160.255507037,60,"Self-employed"
62089.7909374088,20,"Self-employed"
93268.4358425736,34,"Manufacturing"
87647.4520669729,58,"Manufacturing"
77087.0759034604,37,"Self-employed"
101598.234930739,45,"Professional"
50600.2709109485,53,"Self-employed"
108107.78549087,32,"Professional"
82264.4990534633,44,"Manufacturing"
74299.629483968,51,"Self-employed"
102521.336726964,27,"Professional"
67040.7578133196,52,"Manufacturing"
52982.6038649082,22,"Manufacturing"
55074.5970346034,20,"Manufacturing"
79577.8646134287,67,"Self-employed"
82730.9414973855,51,"Self-employed"
96884.3746183217,23,"Professional"
91040.1700584888,64,"Manufacturing"
101548.619598508,64,"Professional"
107083.055083811,39,"Professional"
83045.0086538941,27,"Professional"
69892.0031214803,40,"Self-employed"
81523.2430869043,26,"Manufacturing"
49006.3584300876,36,"Self-employed"
48410.3803354651,43,"Self-employed"
91661.3184051663,62,"Self-employed"
60939.4208557904,45,"Manufacturing"
81161.6569344103,28,"Self-employed"
107592.691333592,21,"Professional"
67406.1958966404,66,"Self-employed"
118099.301873714,37,"Professional"
76645.6769293398,18,"Manufacturing"
63649.9532951415,50,"Manufacturing"
77674.3251200318,24,"Manufacturing"
80880.7330452502,49,"Self-employed"
91762.3908516914,62,"Manufacturing"
72862.4534624666,54,"Self-employed"
67861.0122877061,46,"Manufacturing"
106209.92268239,47,"Professional"
63385.0758100003,62,"Self-employed"
92693.6580279917,62,"Professional"
76191.964632228,25,"Self-employed"
127124.566970587,62,"Professional"
91578.4131857902,67,"Manufacturing"
64698.6782615185,19,"Manufacturing"
100824.250809804,25,"Professional"
69958.447751835,23,"Manufacturing"
77438.0001955479,30,"Manufacturing"
73656.3615146726,32,"Self-employed"
74745.3900080919,31,"Self-employed"
40688.106548205,23,"Self-employed"
56134.1725765318,33,"Self-employed"
131983.554362923,67,"Professional"
98828.7383669317,51,"Manufacturing"
59765.5191299617,20,"Self-employed"
83283.2189185023,34,"Self-employed"
77017.2283824086,75,"Self-employed"
54020.8258781135,24,"Manufacturing"
58240.8501098752,47,"Self-employed"
86067.7677943707,68,"Self-employed"
58650.430646807,22,"Self-employed"
99456.5861102492,35,"Professional"
131426.970252275,65,"Professional"
49126.3573245853,23,"Self-employed"
130936.750936076,68,"Professional"
117637.406683803,63,"Professional"
94030.4479612857,72,"Self-employed"
55876.9253481627,42,"Self-employed"
110798.137594074,49,"Professional"
106830.946191549,41,"Professional"
113526.20531942,65,"Professional"
83416.4954099506,56,"Manufacturing"
92307.1017241329,19,"Professional"
64414.0006445646,34,"Manufacturing"
72870.3529679924,47,"Manufacturing"
53317.7610360682,49,"Self-employed"
58732.1538652033,39,"Manufacturing"
77705.9953178465,36,"Self-employed"
96388.7381912917,72,"Manufacturing"
67537.5215468407,33,"Manufacturing"
60713.8683338761,19,"Manufacturing"
80075.3554968536,50,"Manufacturing"
81356.932239905,36,"Self-employed"
92011.7017540038,22,"Professional"
119253.436374128,44,"Professional"
99024.6084634066,64,"Professional"
117962.139353633,20,"Professional"
76794.8676689267,40,"Self-employed"
70673.7188009024,33,"Manufacturing"
100271.863697305,68,"Manufacturing"
65638.8835240453,59,"Manufacturing"
73685.6445191503,61,"Manufacturing"
63208.2844509035,69,"Self-employed"
91516.3996210843,32,"Manufacturing"
73886.7587220073,27,"Manufacturing"
61854.612489149,19,"Manufacturing"
88964.1422689557,48,"Manufacturing"
119210.336412936,56,"Professional"
97569.9702368826,23,"Professional"
86120.7831541896,47,"Self-employed"
73609.5861091763,75,"Self-employed"
117089.280975223,39,"Professional"
93373.8763797283,36,"Professional"
83179.660131678,71,"Manufacturing"
84039.4231423289,75,"Self-employed"
112929.912711367,24,"Professional"
130416.744274035,59,"Professional"
49677.5416819751,26,"Self-employed"
57651.9997579753,48,"Self-employed"
55909.72745125,42,"Self-employed"
67986.9140883088,69,"Manufacturing"
53039.0062713176,19,"Manufacturing"
84649.6602191031,51,"Self-employed"
60680.6621557176,62,"Self-employed"
108314.754185349,72,"Professional"
87981.6341778785,33,"Professional"
94606.9623036683,26,"Professional"
86194.6319755167,71,"Self-employed"
93388.572712034,73,"Self-employed"
73654.843707785,35,"Self-employed"
95367.0995595753,22,"Professional"
100078.442741454,46,"Manufacturing"
76339.2817449421,74,"Self-employed"
109012.559046671,56,"Professional"
51385.8318652064,29,"Self-employed"
75285.5781639069,61,"Manufacturing"
65737.2010655552,63,"Manufacturing"
58151.013017267,62,"Self-employed"
76053.7031446248,49,"Self-employed"
70370.3594158441,29,"Self-employed"
89519.8503031135,39,"Manufacturing"
113280.99627018,56,"Professional"
86213.6785802543,20,"Professional"
68739.9121171087,69,"Self-employed"
50021.054689765,55,"Self-employed"
93439.949790433,42,"Professional"
69980.0044463873,29,"Manufacturing"
64176.4152960181,51,"Manufacturing"
87910.1610596627,18,"Professional"
70067.7124877274,56,"Self-employed"
69833.3341641426,36,"Manufacturing"
125170.249689698,75,"Professional"
111447.700369343,39,"Professional"
74616.5524543375,20,"Self-employed"
59472.088848561,59,"Self-employed"
104004.932319149,41,"Professional"
42791.5043046921,19,"Self-employed"
81697.6761474907,56,"Manufacturing"
85536.2842278183,65,"Manufacturing"
84616.8872143179,28,"Manufacturing"
120137.167848766,27,"Professional"
121174.796467975,75,"Professional"
98726.2302234322,74,"Manufacturing"
81415.6963744313,70,"Self-employed"
54258.269421339,50,"Self-employed"
83121.1790150404,50,"Manufacturing"
76463.5569225252,60,"Manufacturing"
107417.236836359,45,"Professional"
100633.211815283,60,"Manufacturing"
95251.4708791524,48,"Manufacturing"
68532.0333976746,42,"Self-employed"
66555.3822437674,26,"Self-employed"
91943.4896134287,42,"Professional"
84933.6873444021,69,"Self-employed"
83598.2160900682,62,"Manufacturing"
78448.5368253887,44,"Self-employed"
61293.2516308725,43,"Manufacturing"
98605.7785844803,51,"Professional"
96419.6906166375,68,"Manufacturing"
64526.8590938896,48,"Manufacturing"
67463.0248491466,55,"Manufacturing"
80627.2124153376,31,"Self-employed"
82819.9190528542,59,"Self-employed"
57972.0000670105,31,"Self-employed"
112030.140766546,67,"Professional"
63887.0686708987,29,"Self-employed"
67499.5905169845,66,"Self-employed"
79171.7143183351,47,"Manufacturing"
69387.0588565618,50,"Manufacturing"
48338.7714592069,27,"Self-employed"
79529.4842933416,19,"Manufacturing"
81605.7449672818,67,"Self-employed"
54901.9200965315,50,"Self-employed"
88201.0898354203,39,"Manufacturing"
94708.2797215283,38,"Professional"
88591.0321767628,60,"Manufacturing"
122736.979181722,35,"Professional"
86679.2345779389,50,"Manufacturing"
101048.418685392,32,"Professional"
96776.851502642,19,"Professional"
61525.38769719,47,"Self-employed"
102581.419015691,53,"Professional"
81447.8726156056,45,"Manufacturing"
86056.2341804802,61,"Self-employed"
77866.3766414523,23,"Manufacturing"
88586.5815074891,23,"Professional"
57539.5223232061,36,"Manufacturing"
107366.840091512,48,"Professional"
83328.667967245,51,"Self-employed"
103585.555089846,68,"Manufacturing"
71215.7278164923,56,"Manufacturing"
96435.5594230741,30,"Professional"
60847.4178608358,38,"Manufacturing"
97923.9463056624,60,"Manufacturing"
60231.4647859335,25,"Manufacturing"
89397.7072509527,32,"Manufacturing"
47205.7470197976,36,"Self-employed"
94061.9732553661,57,"Manufacturing"
84000.9083862305,47,"Self-employed"
41210.736453861,25,"Self-employed"
89809.8622898161,58,"Self-employed"
85287.5496256649,49,"Manufacturing"
62258.0438794196,41,"Self-employed"
83164.6603375673,45,"Manufacturing"
66967.8320923001,45,"Self-employed"
71026.7893626988,56,"Manufacturing"
58354.7929700613,53,"Self-employed"
75588.620775342,65,"Manufacturing"
65248.6395658851,55,"Self-employed"
71650.5458506644,46,"Manufacturing"
116372.426488966,32,"Professional"
59795.9056746662,41,"Manufacturing"
76669.5249508768,31,"Manufacturing"
126425.027215362,65,"Professional"
53601.7151737362,23,"Self-employed"
110939.591089875,33,"Professional"
111831.170473441,62,"Professional"
98961.4092867821,45,"Manufacturing"
68173.5955072641,61,"Manufacturing"
113194.163136631,31,"Professional"
130254.432790697,57,"Professional"
55244.2617664486,51,"Self-employed"
87689.4397284091,60,"Manufacturing"
52357.4907316715,47,"Self-employed"
84025.3049715608,35,"Manufacturing"
109671.301483318,50,"Professional"
56383.4236533195,30,"Manufacturing"
96722.7680030763,25,"Professional"
73825.5889962912,74,"Manufacturing"
44804.7326718271,31,"Self-employed"
65132.3871806115,64,"Self-employed"
93322.221281752,46,"Professional"
54682.64183034,67,"Self-employed"
94993.1533299834,66,"Manufacturing"
62817.8793945909,66,"Self-employed"
53625.8308904469,19,"Self-employed"
62135.1349684894,50,"Self-employed"
75449.3292752504,39,"Self-employed"
95894.561762765,35,"Professional"
89866.7665825635,59,"Self-employed"
54631.3193280995,31,"Self-employed"
75644.3917117715,32,"Self-employed"
61157.7326170802,32,"Self-employed"
58577.2220219225,39,"Manufacturing"
105697.997909784,46,"Professional"
84002.6421414018,52,"Self-employed"
113118.768433958,70,"Professional"
52804.8512018472,61,"Self-employed"
106694.042911753,71,"Professional"
89737.5794963092,45,"Professional"
110424.336242959,54,"Professional"
102133.627405748,64,"Professional"
61222.6516652554,57,"Self-employed"
101923.098662108,39,"Professional"
59516.6994682401,72,"Self-employed"
67710.3627313375,42,"Self-employed"
66677.7116204798,61,"Self-employed"
68135.3798687756,35,"Self-employed"
92652.172593087,73,"Manufacturing"
59679.3192550242,32,"Self-employed"
70512.2810475528,71,"Self-employed"
54695.3397147506,27,"Manufacturing"
59143.6696201563,20,"Manufacturing"
117803.088819236,21,"Professional"
63397.8775856346,27,"Self-employed"
101580.668384373,73,"Professional"
77072.0102088153,66,"Self-employed"
102909.939866245,45,"Professional"
70258.9959807545,63,"Manufacturing"
56219.5809038132,22,"Manufacturing"
78833.0740093142,47,"Self-employed"
81172.8984928131,26,"Professional"
61564.2811497897,43,"Manufacturing"
125078.470233336,65,"Professional"
60948.2269789726,31,"Manufacturing"
74880.4948805124,43,"Manufacturing"
94654.4269571006,55,"Professional"
125511.644163117,59,"Professional"
87980.7953576893,18,"Professional"
106444.459249049,57,"Professional"
132592.358904645,68,"Professional"
66253.1686452329,19,"Manufacturing"
81926.1441781521,67,"Manufacturing"
78885.2957485169,30,"Self-employed"
79650.9821540117,25,"Manufacturing"
60148.8554207832,44,"Self-employed"
103554.300724074,20,"Professional"
81146.7195264995,20,"Manufacturing"
64346.496863693,59,"Manufacturing"
60614.5503414869,62,"Self-employed"
86411.3114618361,23,"Manufacturing"
82127.8399665058,52,"Manufacturing"
88042.9765543342,75,"Manufacturing"
88030.3318770379,48,"Professional"
67147.4272343814,50,"Self-employed"
66141.1933432072,65,"Self-employed"
107665.231618553,71,"Manufacturing"
98140.9301046729,67,"Professional"
82000.696297124,58,"Manufacturing"
70130.44167611,34,"Manufacturing"
94859.500203982,75,"Self-employed"
61851.7440011799,36,"Manufacturing"
89714.1146812588,71,"Self-employed"
69603.9945755154,45,"Manufacturing"
126279.953751743,60,"Professional"
83851.1567884833,73,"Self-employed"
86603.0077107251,45,"Manufacturing"
74300.7759856433,25,"Manufacturing"
80728.0552738011,73,"Manufacturing"
83110.7053435892,49,"Manufacturing"
83914.2130579054,36,"Self-employed"
106999.681256384,67,"Professional"
106656.149370655,49,"Professional"
93754.774994716,43,"Professional"
76581.1937312484,22,"Self-employed"
69738.3436891139,72,"Self-employed"
121112.860534951,33,"Professional"
58944.5926893502,46,"Self-employed"
82133.9639265686,24,"Professional"
91680.1663122028,22,"Professional"
95098.3890455514,34,"Manufacturing"
99578.9885408133,47,"Professional"
62938.1771436781,72,"Self-employed"
106911.175790086,35,"Professional"
129643.112260684,69,"Professional"
80341.817737028,59,"Manufacturing"
132573.170515954,74,"Professional"
65581.4129236788,56,"Manufacturing"
85435.4081595689,25,"Manufacturing"
45323.4516923726,34,"Self-employed"
73883.4701745212,50,"Manufacturing"
116891.782614514,61,"Professional"
86827.8175308257,71,"Manufacturing"
76010.0918297917,52,"Self-employed"
86124.9806205034,19,"Professional"
53070.5353974253,47,"Self-employed"
104963.104799971,44,"Professional"
55999.9203344136,52,"Self-employed"
53604.8899795264,43,"Self-employed"
91826.3474332541,51,"Professional"
108945.664277166,58,"Professional"
57466.359435305,28,"Manufacturing"
71920.7770496756,53,"Self-employed"
76426.9508684278,69,"Self-employed"
88324.6926774681,34,"Professional"
68389.2324003577,60,"Manufacturing"
108038.098544359,20,"Professional"
61935.8407964855,29,"Manufacturing"
131775.811337948,72,"Professional"
100155.247923791,24,"Professional"
92991.7570927739,40,"Manufacturing"
97830.7392224073,42,"Manufacturing"
48910.4511937201,37,"Self-employed"
100487.411906704,34,"Professional"
111684.960606709,28,"Professional"
58477.5261653513,29,"Manufacturing"
69877.855002597,62,"Manufacturing"
125587.870409712,71,"Professional"
53906.7275205255,41,"Self-employed"
113331.928642303,69,"Professional"
104945.813084498,20,"Professional"
87911.8413405716,68,"Manufacturing"
97026.9871271402,61,"Professional"
115112.246114597,69,"Professional"
81515.434816286,30,"Self-employed"
79407.0921144336,72,"Self-employed"
72356.8599243164,66,"Manufacturing"
107271.92906639,34,"Professional"
65344.9156131744,27,"Manufacturing"
84927.0681761503,59,"Manufacturing"
122310.157391742,43,"Professional"
104602.41210787,54,"Professional"
68255.1010733098,41,"Self-employed"
123557.183484882,41,"Professional"
117800.73074688,22,"Professional"
100345.735115394,19,"Professional"
72240.8821031302,63,"Manufacturing"
79660.7470648438,62,"Self-employed"
99602.1645961553,69,"Professional"
77505.2671549916,62,"Self-employed"
58242.015549168,46,"Self-employed"
69227.7636252344,71,"Self-employed"
60624.4975972623,57,"Self-employed"
76595.7037626207,50,"Manufacturing"
66713.0836620033,53,"Manufacturing"
52108.8712240905,18,"Self-employed"
108774.287042603,19,"Professional"
90410.3370048851,55,"Manufacturing"
99427.5400106013,52,"Manufacturing"
102841.858401358,19,"Professional"
78626.257845059,42,"Self-employed"
56518.5976596177,66,"Self-employed"
83524.2760896534,63,"Manufacturing"
72491.3936086595,73,"Manufacturing"
55308.8147770017,43,"Self-employed"
61767.9519935101,58,"Self-employed"
87536.1238856018,52,"Manufacturing"
92018.2357788086,71,"Self-employed"
78950.0697909743,46,"Manufacturing"
119856.583953291,53,"Professional"
45620.3792101741,29,"Self-employed"
90812.9978073835,61,"Manufacturing"
114336.519163951,70,"Professional"
86540.9194184542,37,"Professional"
104324.109424457,55,"Professional"
78084.988625437,63,"Self-employed"
61716.9189192355,21,"Self-employed"
89002.4529943913,39,"Manufacturing"
92327.5963065177,63,"Self-employed"
49310.7058143467,19,"Self-employed"
120417.59657228,28,"Professional"
75159.8570894897,42,"Self-employed"
89547.9455192685,70,"Self-employed"
56072.9874265045,49,"Self-employed"
75165.1754865646,69,"Self-employed"
66045.8376428336,69,"Self-employed"
117164.352861896,45,"Professional"
120606.648655891,29,"Professional"
66888.7398430854,22,"Manufacturing"
98384.1056033671,56,"Manufacturing"
102660.839123964,18,"Professional"
74647.9359959066,55,"Manufacturing"
118732.18400465,33,"Professional"
74785.6819216013,39,"Self-employed"
112205.253266051,40,"Professional"
85625.215506956,35,"Professional"
60192.3541035205,31,"Manufacturing"
88503.5542557091,37,"Professional"
43105.7591687292,18,"Self-employed"
94683.6508721113,70,"Manufacturing"
69297.4949369729,57,"Manufacturing"
85703.0619128495,22,"Professional"
69314.4888418168,50,"Manufacturing"
87201.4403908104,33,"Professional"
124962.446436182,47,"Professional"
80267.3087586164,66,"Manufacturing"
60829.1245396435,61,"Self-employed"
65746.2074543983,56,"Manufacturing"
93928.3949259669,45,"Manufacturing"
123983.208344623,52,"Professional"
131167.720336631,73,"Professional"
68003.5809126943,51,"Manufacturing"
103387.717610255,60,"Professional"
53789.1931231916,39,"Self-employed"
68928.2576083988,38,"Manufacturing"
82424.2216251045,60,"Manufacturing"
105230.334455863,57,"Professional"
65082.5199130327,43,"Self-employed"
99583.7901732624,65,"Professional"
95488.5560551137,34,"Professional"
55238.6327740848,45,"Self-employed"
60724.9602909088,21,"Manufacturing"
105148.25687544,58,"Professional"
77211.3802632689,26,"Self-employed"
116583.180310369,73,"Professional"
68504.1724781096,58,"Self-employed"
57432.9604387581,35,"Self-employed"
49811.9315963835,24,"Self-employed"
55659.7559604049,36,"Self-employed"
106230.980340451,49,"Professional"
95117.2087110728,28,"Professional"
72529.0334783942,67,"Self-employed"
107672.47416313,20,"Professional"
64543.750177294,56,"Manufacturing"
60808.5980741233,55,"Self-employed"
94361.5971137732,37,"Manufacturing"
57495.612801075,44,"Self-employed"
121330.8501672,71,"Professional"
69879.8923288286,56,"Self-employed"
79815.9105788916,46,"Self-employed"
101255.704405591,24,"Professional"
56602.3399147987,64,"Self-employed"
96814.8730580658,62,"Manufacturing"
77955.8586660326,50,"Self-employed"
105692.284073874,62,"Professional"
68238.0706144422,29,"Manufacturing"
116551.783137992,26,"Professional"
108603.116141587,25,"Professional"
72259.7831386477,68,"Self-employed"
93128.4425132275,59,"Manufacturing"
52281.7261315435,25,"Self-employed"
85740.6102804393,30,"Professional"
76151.2372575551,64,"Self-employed"
62546.0666947514,41,"Manufacturing"
63612.5532673746,62,"Self-employed"
56774.8772514462,59,"Self-employed"
75090.5791086853,48,"Self-employed"
69884.0416180789,72,"Self-employed"
86366.8375619203,41,"Manufacturing"
70899.018161431,48,"Manufacturing"
94995.1878100932,59,"Manufacturing"
92848.7384866029,28,"Manufacturing"
70161.4927772135,57,"Self-employed"
60243.2248678654,23,"Manufacturing"
91119.3599455804,56,"Professional"
67067.4130647033,32,"Manufacturing"
96033.8047201186,75,"Manufacturing"
101115.804161906,60,"Professional"
94383.4480190128,58,"Manufacturing"
72449.2204004079,45,"Self-employed"
129092.607875466,61,"Professional"
116184.367700651,39,"Professional"
120525.696969077,42,"Professional"
59745.461883679,28,"Manufacturing"
63228.1567787379,40,"Manufacturing"
88941.0014854074,52,"Professional"
112233.827018976,58,"Professional"
47362.3203344047,18,"Self-employed"
82953.2341046035,22,"Manufacturing"
100993.084848896,26,"Professional"
86734.2817127258,49,"Manufacturing"
92500.8501505703,68,"Manufacturing"
98916.1752635539,55,"Professional"
77079.0146842301,57,"Self-employed"
119117.862811401,38,"Professional"
81478.9057984799,38,"Manufacturing"
85894.224933669,58,"Manufacturing"
48928.4450409263,52,"Self-employed"
44717.7986920625,31,"Self-employed"
102783.30876717,53,"Professional"
88950.0769105256,41,"Manufacturing"
83524.8398327976,47,"Manufacturing"
77516.0988720953,46,"Manufacturing"
106939.760272786,19,"Professional"
79227.4018720835,19,"Manufacturing"
95865.121044904,68,"Professional"
125701.22166504,67,"Professional"
95126.9258004576,37,"Manufacturing"
66180.4540261924,35,"Self-employed"
119333.325779155,38,"Professional"
80804.0086067766,25,"Professional"
116693.607276306,71,"Professional"
109054.049695194,29,"Professional"
96783.2589238137,60,"Manufacturing"
98496.1533356011,49,"Manufacturing"
51483.2423602641,59,"Self-employed"
109603.217751071,29,"Professional"
116753.18487972,66,"Professional"
117898.392158866,52,"Professional"
88034.0295234472,73,"Self-employed"
53760.1017085016,19,"Manufacturing"
72198.1949842274,65,"Self-employed"
73219.3644603938,18,"Manufacturing"
56740.3255031556,45,"Self-employed"
96776.8169851005,37,"Manufacturing"
106951.125825182,64,"Professional"
57252.3911882341,53,"Self-employed"
61065.8296557814,39,"Manufacturing"
91608.4844784737,29,"Manufacturing"
119624.178095117,75,"Professional"
70171.6888179779,73,"Self-employed"
99678.6468200684,59,"Manufacturing"
66776.8709128946,43,"Manufacturing"
93994.9741339236,30,"Professional"
77984.5965827256,50,"Manufacturing"
121471.370715678,60,"Professional"
39754.0128732324,19,"Self-employed"
80051.7181379348,40,"Manufacturing"
118989.311551213,54,"Professional"
123462.517987609,67,"Professional"
111650.415501267,22,"Professional"
59566.3229587972,75,"Self-employed"
110499.814414099,33,"Professional"
74617.4394603372,25,"Self-employed"
93867.6018502712,28,"Professional"
116082.889171541,51,"Professional"
98324.4644102454,56,"Professional"
83793.8072960824,20,"Manufacturing"
65358.7430902272,67,"Self-employed"
68367.3625596613,30,"Manufacturing"
63379.9769805968,69,"Self-employed"
86076.1069357842,66,"Manufacturing"
94815.4451372623,32,"Manufacturing"
118912.638456836,63,"Professional"
82164.9013929069,70,"Manufacturing"
80412.6720388085,73,"Manufacturing"
120867.026566446,70,"Professional"
62893.0872442573,51,"Self-employed"
69028.2775165737,69,"Self-employed"
89096.23594594,27,"Professional"
69115.6425881982,38,"Manufacturing"
108490.775505006,36,"Professional"
92044.6383962035,66,"Self-employed"
92947.7363924384,22,"Professional"
105610.766329259,53,"Professional"
68975.8409733623,39,"Manufacturing"
87247.0488962382,48,"Manufacturing"
84015.6036374867,22,"Manufacturing"
78411.3829151392,74,"Self-employed"
81515.5555266142,61,"Self-employed"
57517.717965439,26,"Manufacturing"
121741.830555618,47,"Professional"
77840.7539838403,33,"Manufacturing"
106848.85131678,39,"Professional"
89443.2309073061,24,"Professional"
80972.9801368415,41,"Manufacturing"
90826.5725546628,20,"Professional"
89173.6080417186,47,"Manufacturing"
89260.4803433269,65,"Manufacturing"
87113.6410539001,37,"Manufacturing"
72006.706465438,59,"Manufacturing"
58324.6225484014,35,"Self-employed"
103567.412229449,62,"Professional"
86130.1320373863,39,"Professional"
65829.8373426944,32,"Self-employed"
116926.134607673,70,"Professional"
67672.5157766044,51,"Self-employed"
77657.9468842745,28,"Self-employed"
104047.179258272,35,"Professional"
77552.6210856289,48,"Manufacturing"
116334.461583868,61,"Professional"
108425.973545164,41,"Professional"
98308.8030661643,60,"Manufacturing"
91764.9473933131,41,"Professional"
75126.7847039104,35,"Self-employed"
91427.0964265317,67,"Self-employed"
66640.8200473189,48,"Manufacturing"
71486.6025628299,48,"Self-employed"
88342.929505378,62,"Self-employed"
78596.496249795,23,"Manufacturing"
95318.9438113421,34,"Professional"
102556.18905364,59,"Professional"
118801.434869587,22,"Professional"
68862.2822676301,41,"Manufacturing"
92784.3600109965,30,"Manufacturing"
98166.1167948395,46,"Manufacturing"
89247.2134765089,39,"Professional"
70000.574175179,53,"Manufacturing"
66412.6668601185,22,"Self-employed"
66699.9919214249,38,"Self-employed"
128027.453643218,59,"Professional"
56874.7572729588,19,"Self-employed"
45322.6078430414,19,"Self-employed"
116254.657410175,38,"Professional"
65985.8949483782,34,"Self-employed"
80003.5640525818,35,"Manufacturing"
61657.5591973662,31,"Manufacturing"
109276.548859999,41,"Professional"
80650.3877298087,70,"Self-employed"
79580.8274473101,28,"Manufacturing"
61122.220370695,40,"Manufacturing"
103839.215246588,21,"Professional"
79949.3084750026,71,"Manufacturing"
123448.481998026,55,"Professional"
89386.8839907348,47,"Professional"
80497.2950835526,56,"Self-employed"
93267.2408438921,56,"Manufacturing"
109543.715118304,24,"Professional"
108234.62482512,56,"Professional"
71203.0079564154,37,"Self-employed"
77618.7282234132,57,"Self-employed"
78660.1638033539,25,"Self-employed"
84871.7079942375,51,"Manufacturing"
68748.2374784052,41,"Manufacturing"
79968.7398620993,20,"Professional"
110021.003197506,21,"Professional"
108920.718098506,31,"Professional"
48803.4421570599,46,"Self-employed"
98812.3666186929,70,"Professional"
91739.0580885559,66,"Manufacturing"
80511.3189163059,75,"Manufacturing"
130422.978345826,66,"Professional"
90179.0197022259,21,"Professional"
51987.5144409239,44,"Self-employed"
66603.482684359,57,"Manufacturing"
120720.969003111,42,"Professional"
82075.9948654026,30,"Professional"
87882.14587529,57,"Self-employed"
96349.5776560903,55,"Manufacturing"
77645.157934621,72,"Self-employed"
105334.08097896,45,"Professional"
73872.5454098582,54,"Self-employed"
80044.3241441697,37,"Self-employed"
78440.0394237489,72,"Self-employed"
85475.227577731,27,"Professional"
67872.7249873132,51,"Manufacturing"
79173.5608041883,48,"Manufacturing"
113333.516597345,32,"Professional"
76676.4803070426,64,"Self-employed"
91335.2378991544,70,"Self-employed"
92353.9883449078,68,"Self-employed"
112058.86409764,32,"Professional"
63818.1022961587,63,"Self-employed"
123251.522995949,42,"Professional"
61176.4449322075,59,"Self-employed"
57262.1598328352,21,"Manufacturing"
100013.357460752,40,"Professional"
42930.7163770795,25,"Self-employed"
70801.3547289073,47,"Self-employed"
117518.706073359,52,"Professional"
73550.6280457377,22,"Manufacturing"
119684.647075832,71,"Professional"
67178.2323333174,39,"Manufacturing"
68134.0188401788,53,"Manufacturing"
100636.030584097,71,"Manufacturing"
74633.1645557284,66,"Self-employed"
55897.4489062279,61,"Self-employed"
72619.2987315953,73,"Manufacturing"
76962.3829894066,59,"Manufacturing"
80975.9328743815,51,"Self-employed"
78459.0423069298,42,"Manufacturing"
82157.1039514989,25,"Manufacturing"
96751.1676571369,29,"Professional"
71313.1995672137,72,"Manufacturing"
78028.5208267123,38,"Self-employed"
58255.0536800027,39,"Self-employed"
78487.1839344054,25,"Self-employed"
113718.740482688,24,"Professional"
68104.5060774833,58,"Self-employed"
65454.2648116201,37,"Self-employed"
119635.463896021,46,"Professional"
89473.9249877483,63,"Manufacturing"
98883.323174715,46,"Professional"
105246.991889969,42,"Professional"
112072.247385845,58,"Professional"
116660.497151926,33,"Professional"
73169.4115930796,65,"Manufacturing"
68694.6200651377,51,"Manufacturing"
88719.641295746,60,"Manufacturing"
76729.2173665315,35,"Self-employed"
55067.7836890072,65,"Self-employed"
71181.6460267752,45,"Self-employed"
82950.9472235441,18,"Professional"
108563.312377408,21,"Professional"
80503.9120300263,57,"Manufacturing"
57997.5784693211,34,"Manufacturing"
115266.913269266,55,"Professional"
57905.1885517985,40,"Self-employed"
85256.7175170928,32,"Manufacturing"
109934.262550116,33,"Professional"
88651.0432271659,51,"Professional"
113492.482207805,38,"Professional"
68458.7656851113,61,"Self-employed"
107711.871640265,65,"Professional"
77741.4245413691,37,"Self-employed"
42476.4356679171,22,"Self-employed"
61197.776047349,18,"Manufacturing"
130993.599578902,73,"Professional"
92608.4806538373,61,"Professional"
61958.925281316,51,"Self-employed"
84626.6525344402,58,"Manufacturing"
80001.815457195,35,"Manufacturing"
125403.044408903,57,"Professional"
65815.8545505255,45,"Manufacturing"
104386.236245751,37,"Professional"
88492.5158664137,74,"Manufacturing"
83764.7060881108,65,"Self-employed"
119165.597319826,51,"Professional"
117650.18920818,18,"Professional"
111118.595615089,49,"Professional"
70052.0845278203,53,"Manufacturing"
66605.5556848496,38,"Manufacturing"
95376.785146594,66,"Professional"
57894.6591382027,20,"Self-employed"
112920.466445282,47,"Professional"
65606.9497731179,49,"Self-employed"
85162.2201909274,63,"Self-employed"
75904.4204483777,54,"Self-employed"
41872.373651877,23,"Self-employed"
74303.1160737425,54,"Self-employed"
77182.3176593035,66,"Manufacturing"
90721.9850208312,56,"Manufacturing"
64581.2913428843,64,"Self-employed"
86412.435787335,72,"Manufacturing"
121046.293159097,72,"Professional"
50039.6661648005,34,"Self-employed"
57099.4603816569,27,"Manufacturing"
58507.9257140309,51,"Self-employed"
126882.953113467,66,"Professional"
67180.2267961949,30,"Manufacturing"
73973.6967708021,28,"Manufacturing"
125622.595909849,58,"Professional"
91706.0832439661,40,"Professional"
114015.617469385,49,"Professional"
108228.094356462,75,"Professional"
111993.304356962,60,"Professional"
51751.183444187,61,"Self-employed"
101944.706525251,32,"Professional"
67272.011135757,33,"Self-employed"
70602.7444456369,48,"Manufacturing"
105412.136243165,65,"Professional"
91654.3764769435,42,"Manufacturing"
42242.0462916642,29,"Self-employed"
90095.5553180873,43,"Professional"
98390.4867143035,24,"Professional"
45779.8985325843,20,"Self-employed"
56274.7815137655,29,"Manufacturing"
81044.8276023567,61,"Self-employed"
103007.031622186,35,"Professional"
129261.237317398,56,"Professional"
54938.561744988,20,"Manufacturing"
52108.7879299074,47,"Self-employed"
102705.080363095,67,"Manufacturing"
100680.069608122,65,"Professional"
101522.522170573,20,"Professional"
128023.293713108,71,"Professional"
53721.3896550238,20,"Manufacturing"
71522.4625882655,38,"Self-employed"
94173.9206629246,75,"Manufacturing"
62190.8464981765,32,"Manufacturing"
88683.0002880096,26,"Professional"
75935.5453220457,26,"Manufacturing"
89350.5786854178,67,"Manufacturing"
95589.0356135368,55,"Manufacturing"
84331.0456757396,63,"Self-employed"
69310.2689029872,19,"Self-employed"
77653.746215567,43,"Self-employed"
92823.4472384006,51,"Manufacturing"
102878.342325434,61,"Manufacturing"
96084.6314313859,54,"Professional"
89676.3047285378,46,"Professional"
86342.0122087151,52,"Manufacturing"
81227.3773015589,20,"Professional"
86245.6197118759,25,"Manufacturing"
95922.1556347758,63,"Professional"
86207.4817063063,23,"Professional"
89415.4975013733,55,"Self-employed"
67621.3237579614,56,"Manufacturing"
58859.3858583122,44,"Self-employed"
66045.4399464577,54,"Manufacturing"
97572.9723024517,67,"Manufacturing"
106961.266867131,74,"Professional"
100303.803861529,53,"Professional"
58769.573945716,22,"Manufacturing"
74531.2437373102,72,"Self-employed"
54351.8404468894,46,"Self-employed"
60602.8346108347,62,"Self-employed"
91465.1399839967,35,"Professional"
60407.2569709718,42,"Self-employed"
116747.385932058,36,"Professional"
63500.1250873506,61,"Self-employed"
100169.949079216,29,"Professional"
127988.771911055,63,"Professional"
87836.8048238009,75,"Manufacturing"
127269.46206136,74,"Professional"
72313.1890345067,56,"Manufacturing"
59796.2990853488,25,"Self-employed"
61956.1946616918,33,"Manufacturing"
66234.5732132196,19,"Self-employed"
99127.6147560328,70,"Professional"
117993.74515076,57,"Professional"
80303.6786700934,68,"Self-employed"
89325.5938923657,64,"Manufacturing"
96758.032654047,61,"Manufacturing"
69421.3218178004,67,"Manufacturing"
81795.8075813502,25,"Professional"
111121.923250154,37,"Professional"
91660.4484000206,63,"Self-employed"
55594.0675753206,54,"Self-employed"
66218.2573017776,70,"Self-employed"
90097.3649896085,43,"Professional"
93774.191968739,50,"Manufacturing"
104401.628283143,69,"Manufacturing"
116685.212958604,71,"Professional"
116839.030970693,24,"Professional"
97560.7482863963,75,"Manufacturing"
132949.926364318,72,"Professional"
80939.3377411366,60,"Manufacturing"
71608.4840356559,35,"Manufacturing"
46527.6211179644,39,"Self-employed"
90949.2970526516,35,"Professional"
89544.3129441887,60,"Manufacturing"
128366.474560574,61,"Professional"
63790.8239188939,68,"Self-employed"
116563.634494603,29,"Professional"
93849.1600571126,55,"Professional"
73408.9323354214,52,"Self-employed"
72517.425269261,70,"Manufacturing"
69190.7414295673,38,"Self-employed"
73320.7050656378,33,"Manufacturing"
87309.9908694774,27,"Manufacturing"
112493.057406455,59,"Professional"
87253.6481466144,21,"Professional"
70112.3420660943,65,"Manufacturing"
78186.8774359673,66,"Self-employed"
96244.7444836199,57,"Manufacturing"
59303.8772826344,52,"Self-employed"
69980.7392590791,19,"Manufacturing"
121597.083102256,63,"Professional"
75694.7908242047,30,"Manufacturing"
64174.5843164176,25,"Self-employed"
119216.730607107,30,"Professional"
72924.843787834,74,"Self-employed"
86411.5690770745,61,"Self-employed"
95533.3637739867,43,"Professional"
72889.396780327,57,"Self-employed"
109512.508128643,24,"Professional"
77800.2492698878,28,"Manufacturing"
77559.7670500576,58,"Manufacturing"
63467.7149156779,39,"Manufacturing"
95777.5438395888,66,"Professional"
104084.05111742,27,"Professional"
70159.9463350028,71,"Manufacturing"
82710.0262328982,70,"Manufacturing"
82144.9665700495,59,"Self-employed"
81129.3352337182,41,"Self-employed"
127688.545308352,63,"Professional"
92752.135865435,66,"Manufacturing"
86724.0255165994,53,"Self-employed"
64241.6041786224,26,"Self-employed"
125795.154703319,54,"Professional"
118276.569652542,39,"Professional"
61041.4418083727,19,"Manufacturing"
95778.8019353151,66,"Professional"
92371.7471305728,67,"Self-employed"
134302.097795695,73,"Professional"
108483.757832751,45,"Professional"
74382.1899958551,24,"Self-employed"
82608.0335715264,33,"Manufacturing"
53332.27819103,20,"Self-employed"
63723.0895125717,33,"Manufacturing"
72682.7653121054,38,"Manufacturing"
74126.6659320891,65,"Manufacturing"
51438.0505843461,26,"Self-employed"
100918.56753172,48,"Professional"
60796.8679867536,39,"Self-employed"
67763.5645316839,55,"Self-employed"
79035.2328325659,54,"Self-employed"
49675.2797736824,54,"Self-employed"
66662.187189877,21,"Manufacturing"
72071.6683807522,64,"Manufacturing"
84025.0202239603,19,"Manufacturing"
55764.4448735267,42,"Self-employed"
133163.417442784,72,"Professional"
73528.9135610014,52,"Self-employed"
78700.0595525652,31,"Self-employed"
112985.235470951,67,"Professional"
92922.6872609258,26,"Manufacturing"
101377.180968523,61,"Professional"
78927.2908215523,45,"Self-employed"
114597.218106613,61,"Professional"
75850.8398588747,21,"Self-employed"
61607.1937737167,44,"Manufacturing"
67078.7246331275,57,"Self-employed"
94217.3172148019,61,"Manufacturing"
74693.2676049322,50,"Manufacturing"
70080.28067182,54,"Manufacturing"
100367.980410174,52,"Manufacturing"
62448.5220862776,44,"Self-employed"
67568.5483552516,20,"Manufacturing"
79191.8130799085,46,"Manufacturing"
84183.6369368732,50,"Self-employed"
79291.1610233933,18,"Professional"
86622.2983290553,19,"Manufacturing"
90526.4989631325,37,"Professional"
74790.581946671,26,"Self-employed"
79032.8886872977,21,"Manufacturing"
69286.9214892089,57,"Self-employed"
73631.0031023622,55,"Manufacturing"
116790.691490203,70,"Professional"
60990.3911493719,46,"Self-employed"
88998.4395968169,75,"Manufacturing"
88137.521995306,56,"Self-employed"
85987.2698771805,28,"Manufacturing"
107494.861223385,44,"Professional"
120259.71985729,63,"Professional"
87335.8209666014,28,"Professional"
59064.6228974313,41,"Self-employed"
86665.231629163,30,"Manufacturing"
90536.5291775167,62,"Manufacturing"
125553.654431969,67,"Professional"
59285.6925227344,49,"Self-employed"
115401.783545479,48,"Professional"
91584.4194766432,35,"Professional"
114028.673494354,27,"Professional"
120442.192046165,62,"Professional"
59379.1814775318,70,"Self-employed"
53514.1036541611,59,"Self-employed"
67396.3628710657,34,"Self-employed"
51971.2965589464,42,"Self-employed"
118116.605790362,60,"Professional"
97063.0949384123,57,"Manufacturing"
109812.852934718,57,"Professional"
83490.6309277117,35,"Self-employed"
86933.4708625972,33,"Professional"
44044.3127857894,26,"Self-employed"
69471.421744287,38,"Manufacturing"
89098.538863644,39,"Professional"
78714.4795123339,63,"Manufacturing"
64942.4006274343,51,"Self-employed"
83123.6175005138,31,"Professional"
66269.3161492348,70,"Self-employed"
55150.7362733483,22,"Self-employed"
92076.4435130656,50,"Professional"
98746.6195037067,34,"Professional"
72792.4659806192,72,"Self-employed"
71484.5880100429,29,"Manufacturing"
60039.875793159,30,"Manufacturing"
114818.886616409,50,"Professional"
99000.0386836231,68,"Manufacturing"
49327.3680252284,27,"Self-employed"
56939.5886188745,25,"Manufacturing"
72832.0283333957,36,"Self-employed"
83323.4052378088,43,"Self-employed"
89951.8735762686,20,"Manufacturing"
87749.4787659347,39,"Professional"
89358.1867545396,50,"Professional"
59354.0677607358,35,"Self-employed"
62312.6021147221,42,"Self-employed"
93574.3697704822,37,"Professional"
81925.0651613772,62,"Manufacturing"
62525.9734504968,45,"Self-employed"
63572.9368971586,55,"Self-employed"
90884.8585959375,64,"Self-employed"
78259.4629169703,51,"Manufacturing"
93478.7639201432,30,"Manufacturing"
89908.6225875318,48,"Manufacturing"
115645.071336344,63,"Professional"
88696.0025610775,25,"Manufacturing"
104459.108556733,61,"Professional"
56655.4431626499,55,"Self-employed"
74136.1829580069,52,"Self-employed"
85573.5335575938,58,"Self-employed"
69640.8622501493,37,"Self-employed"
104548.12402977,54,"Professional"
99481.0202833712,42,"Professional"
95506.7098121047,47,"Professional"
92037.3251515478,29,"Professional"
98920.9143400043,39,"Professional"
96873.3542681336,24,"Professional"
75920.2848226875,44,"Manufacturing"
81050.0110799968,57,"Manufacturing"
70128.9494125545,26,"Self-employed"
107245.29305701,42,"Professional"
89967.083889544,61,"Self-employed"
84700.6028040349,28,"Manufacturing"
76753.6984692663,67,"Manufacturing"
53335.420865342,41,"Self-employed"
80908.47982274,43,"Self-employed"
121771.53203012,63,"Professional"
111756.789695889,42,"Professional"
64759.9319945425,43,"Self-employed"
59268.6310758591,48,"Self-employed"
96791.4812238663,48,"Professional"
50349.5192013085,18,"Self-employed"
77204.4317078888,20,"Self-employed"
67336.0839803219,66,"Manufacturing"
51113.9344602525,57,"Self-employed"
73073.163686201,65,"Self-employed"
101027.90169394,34,"Professional"
95482.4443870187,38,"Professional"
59490.0407270938,34,"Self-employed"
51553.9267516136,51,"Self-employed"
71145.1522375941,24,"Manufacturing"
82822.6871259809,34,"Manufacturing"
59946.5194814801,37,"Manufacturing"
67636.0546403527,62,"Manufacturing"
89277.7083564848,34,"Manufacturing"
55239.1821612418,56,"Self-employed"
110084.05374667,74,"Professional"
117627.766788229,51,"Professional"
84174.163349539,61,"Manufacturing"
101369.060026214,45,"Professional"
53224.8784543574,41,"Self-employed"
56438.3895882815,34,"Self-employed"
101769.544800982,57,"Manufacturing"
91651.9214083403,38,"Professional"
51181.8998993933,41,"Self-employed"
116091.178198129,57,"Professional"
119515.556943476,24,"Professional"
86170.4379748255,31,"Manufacturing"
79270.5066963285,60,"Manufacturing"
103249.352170885,63,"Manufacturing"
101690.169709504,74,"Manufacturing"
66844.4799379557,20,"Self-employed"
110640.976325423,46,"Professional"
121727.743779227,70,"Professional"
96760.2891674042,47,"Manufacturing"
90333.3197369426,35,"Manufacturing"
91539.7379276901,66,"Self-employed"
73720.5519378632,66,"Manufacturing"
62892.6558277607,29,"Self-employed"
65179.4579126835,38,"Self-employed"
51672.9750096053,36,"Self-employed"
74141.7498845458,39,"Self-employed"
118782.556587562,45,"Professional"
114015.203019887,29,"Professional"
81935.3930478394,58,"Manufacturing"
119514.335170999,33,"Professional"
98088.3356418014,50,"Professional"
89994.1190328002,49,"Manufacturing"
89805.3594700247,35,"Manufacturing"
125745.350142479,54,"Professional"
62058.000626415,71,"Self-employed"
86211.1262982935,44,"Professional"
86205.7120509595,52,"Manufacturing"
70990.1301174015,58,"Self-employed"
65962.9958471358,37,"Self-employed"
98556.5407503545,53,"Professional"
79747.1182128787,50,"Manufacturing"
67154.9329809397,49,"Manufacturing"
83377.0092052668,52,"Self-employed"
60158.3631206006,31,"Manufacturing"
77839.7674249858,51,"Self-employed"
81122.927758947,45,"Self-employed"
57802.1669689119,24,"Manufacturing"
90920.8511556387,71,"Manufacturing"
80292.1885213256,75,"Manufacturing"
70184.6678632498,36,"Self-employed"
99784.8926617503,40,"Professional"
121445.472184271,56,"Professional"
108319.443660408,55,"Professional"
71225.1163782626,62,"Self-employed"
54923.9420934916,18,"Self-employed"
114120.073660225,59,"Professional"
84383.1239333749,26,"Professional"
60503.5259296298,45,"Self-employed"
92564.0048193783,54,"Professional"
98288.049005881,48,"Professional"
101217.781943232,65,"Manufacturing"
57811.4079431742,20,"Self-employed"
88063.7062781602,70,"Self-employed"
100159.533290893,74,"Manufacturing"
89033.4353964925,27,"Manufacturing"
81930.2175773531,68,"Manufacturing"
101933.711397737,63,"Professional"
111223.137500405,22,"Professional"
67977.4775267839,26,"Manufacturing"
77449.733677119,63,"Manufacturing"
94686.8042931259,59,"Manufacturing"
72217.7221613973,28,"Manufacturing"
104821.570290998,46,"Professional"
125036.399016187,60,"Professional"
65116.4707973599,71,"Self-employed"
130552.911399975,61,"Professional"
72527.6493138373,40,"Self-employed"
61487.6100844592,72,"Self-employed"
96157.4397410601,68,"Professional"
99994.0810984522,58,"Professional"
75620.6507237107,34,"Self-employed"
87810.8327435702,26,"Professional"
48468.9758973569,26,"Self-employed"
114161.131260678,34,"Professional"
107765.032526881,35,"Professional"
66124.295069471,61,"Manufacturing"
85582.6608858258,35,"Manufacturing"
105603.707780465,41,"Professional"
102395.624078736,36,"Professional"
86777.3004489392,75,"Manufacturing"
84756.7860456705,32,"Manufacturing"
122879.072249681,46,"Professional"
68089.1939981133,69,"Self-employed"
122013.308973715,45,"Professional"
95440.3183866888,73,"Manufacturing"
109760.382305562,45,"Professional"
54076.65436849,26,"Self-employed"
108334.660153016,61,"Professional"
58771.6939656883,47,"Self-employed"
66000.2224850953,50,"Self-employed"
70256.3172973245,24,"Manufacturing"
87822.3154901415,46,"Manufacturing"
90039.5527835488,25,"Professional"
117701.441721588,32,"Professional"
68336.4184227288,42,"Self-employed"
117942.910492972,55,"Professional"
111464.920790434,43,"Professional"
84608.6752274632,65,"Manufacturing"
89352.5818640143,23,"Professional"
63841.9946896881,53,"Manufacturing"
63797.569868505,48,"Self-employed"
105188.778649583,43,"Professional"
69351.919471249,66,"Self-employed"
75960.9743855149,60,"Manufacturing"
55382.9336506575,27,"Self-employed"
89205.5430168062,23,"Professional"
113987.879093334,32,"Professional"
72925.106922403,57,"Manufacturing"
106264.263873756,69,"Professional"
106309.900611237,32,"Professional"
61165.2052322477,36,"Manufacturing"
74405.7086662054,24,"Self-employed"
99495.8940746933,40,"Professional"
112809.088595569,64,"Professional"
54087.7838568836,62,"Self-employed"
82324.2575374395,62,"Manufacturing"
75756.6945382655,52,"Self-employed"
69306.1675931066,64,"Manufacturing"
95667.267605722,49,"Professional"
113087.602927983,56,"Professional"
97147.5214507878,67,"Professional"
70514.9418506175,43,"Self-employed"
89637.419680506,71,"Self-employed"
78896.5685760379,23,"Self-employed"
67620.1323821843,56,"Manufacturing"
56231.7425098568,35,"Self-employed"
70291.4059865177,72,"Self-employed"
83396.2097002715,58,"Self-employed"
75592.1973038167,56,"Manufacturing"
118737.858181328,65,"Professional"
76126.4220668972,29,"Self-employed"
94039.0930474401,49,"Professional"
47113.313035816,41,"Self-employed"
86665.3642902672,33,"Professional"
99720.9421128184,28,"Professional"
64906.4866323024,20,"Manufacturing"
116538.151845232,47,"Professional"
109974.2001715,72,"Professional"
102903.196289927,23,"Professional"
79566.6320420057,36,"Self-employed"
58206.9785495996,48,"Self-employed"
90635.0739723891,72,"Self-employed"
79802.7703711838,61,"Manufacturing"
98400.4946226329,61,"Manufacturing"
116896.994652912,68,"Professional"
112736.64297846,52,"Professional"
63119.7939039022,30,"Manufacturing"
79454.9534491152,46,"Manufacturing"
56365.3172062486,48,"Self-employed"
86450.8454193175,30,"Manufacturing"
100918.401091754,19,"Professional"
120738.637983829,60,"Professional"
87739.6237753183,38,"Manufacturing"
96895.9504692107,43,"Manufacturing"
66005.2395994067,44,"Self-employed"
100563.072188631,24,"Professional"
118611.181973353,24,"Professional"
74989.2340240777,47,"Manufacturing"
95051.9487088025,58,"Manufacturing"
73438.0832412243,37,"Manufacturing"
80398.879783079,75,"Manufacturing"
92072.8172266036,45,"Professional"
73950.5723529607,44,"Manufacturing"
64031.8718773872,41,"Self-employed"
88043.1915129572,53,"Manufacturing"
59081.7105534822,18,"Self-employed"
73730.1761152893,64,"Manufacturing"
94386.1129563004,31,"Manufacturing"
95081.9339955449,69,"Professional"
89743.918640852,18,"Professional"
84951.6978365481,19,"Manufacturing"
58115.085194096,69,"Self-employed"
49509.9224574417,50,"Self-employed"
83373.4125644714,56,"Self-employed"
80126.2359274775,43,"Manufacturing"
123565.690412164,48,"Professional"
81351.6696729809,45,"Self-employed"
77252.5533495694,68,"Manufacturing"
78985.2872741222,30,"Manufacturing"
99019.3672357202,37,"Professional"
83547.9164082408,39,"Self-employed"
61147.3274210393,29,"Manufacturing"
87183.7649294883,72,"Manufacturing"
64087.9094300121,51,"Manufacturing"
79541.9975131154,18,"Professional"
110126.466213211,42,"Professional"
90037.4184172153,49,"Manufacturing"
115083.8039864,28,"Professional"
83967.8985384703,33,"Manufacturing"
88548.0061321557,53,"Manufacturing"
66836.2649413198,26,"Self-employed"
47810.5880956054,47,"Self-employed"
67448.2903977334,59,"Self-employed"
88086.69263798,34,"Manufacturing"
79050.9396707267,66,"Self-employed"
121350.354639128,74,"Professional"
95974.9988868833,45,"Manufacturing"
99056.6195196956,75,"Professional"
86671.9678582251,40,"Manufacturing"
67837.8034210205,25,"Manufacturing"
72350.9670727402,42,"Self-employed"
95317.9643823504,64,"Manufacturing"
70022.5140117109,20,"Manufacturing"
63655.7302214205,20,"Manufacturing"
76014.2321309596,58,"Self-employed"
62181.2446347922,75,"Self-employed"
113012.93099615,30,"Professional"
107812.930830464,22,"Professional"
83329.6462916881,20,"Professional"
103542.853466541,52,"Professional"
95146.4812751263,43,"Professional"
52050.7277650684,55,"Self-employed"
69023.0985286236,57,"Manufacturing"
96615.0037245452,65,"Manufacturing"
88732.5558986515,46,"Professional"
114421.549648359,18,"Professional"
76937.4755494297,70,"Manufacturing"
58565.1318128705,50,"Self-employed"
72825.1372422874,39,"Self-employed"
72711.91510804,51,"Self-employed"
129320.911205128,68,"Professional"
129178.6994223,67,"Professional"
83038.9184686244,71,"Manufacturing"
88264.2235967368,28,"Manufacturing"
52449.2165278345,32,"Self-employed"
78596.299126029,34,"Manufacturing"
70863.3925753087,50,"Manufacturing"
118741.650079906,32,"Professional"
66784.0844914019,31,"Manufacturing"
61843.3505035043,54,"Self-employed"
104686.627732113,71,"Manufacturing"
92798.9023066014,47,"Professional"
91148.0222674012,30,"Professional"
87056.2927120775,59,"Self-employed"
81769.4117536396,41,"Self-employed"
125199.476932287,61,"Professional"
79149.1952467263,24,"Manufacturing"
66890.3613992184,52,"Manufacturing"
57370.149199605,18,"Self-employed"
115643.296075523,54,"Professional"
73868.1092757732,46,"Self-employed"
66591.0379025936,38,"Manufacturing"
64477.7416744083,31,"Self-employed"
92074.8692858964,21,"Professional"
99130.2563085109,46,"Manufacturing"
89070.4747208804,58,"Manufacturing"
126693.810780481,59,"Professional"
55946.0296135545,53,"Self-employed"
59818.8620078415,54,"Self-employed"
97015.6088966876,45,"Manufacturing"
88666.2314127237,29,"Professional"
87375.0833428055,33,"Professional"
82949.2845365703,29,"Manufacturing"
112770.836684003,72,"Professional"
105845.837671503,62,"Professional"
58474.0914117247,57,"Self-employed"
79693.9694775045,72,"Manufacturing"
95792.3062016219,38,"Professional"
