ID,english,history,art,math,physics,biology
1,1,1,1,2,2,1
2,1,1,1,1,1,1
3,2,1,1,2,2,2
4,1,2,2,2,1,2
5,1,1,2,1,1,1
6,2,1,1,2,1,2
7,2,1,1,2,2,2
8,1,1,1,2,1,1
9,1,1,1,1,1,2
10,2,2,2,2,2,2
11,2,2,1,2,2,2
12,2,2,2,2,1,1
13,1,1,1,1,1,1
14,2,2,2,2,1,1
15,1,2,1,1,1,1
16,1,1,1,2,1,1
17,1,1,1,1,2,1
18,2,2,2,2,2,2
19,2,1,1,1,1,1
20,1,1,1,1,1,1
21,2,2,1,1,1,1
22,2,2,2,1,2,2
23,2,1,1,2,2,1
24,1,2,1,1,2,1
25,2,2,1,1,2,2
26,1,1,1,1,1,2
27,1,1,1,2,2,2
28,1,1,1,2,2,2
29,1,2,2,1,1,1
30,2,1,2,1,1,2
31,1,1,1,1,1,1
32,1,2,2,1,1,1
33,1,1,1,2,2,1
34,1,2,2,1,2,2
35,1,1,1,1,2,2
36,2,2,2,1,1,1
37,2,1,1,2,2,2
38,1,1,1,2,1,2
39,1,2,2,1,2,1
40,2,2,1,2,2,2
41,1,2,1,2,2,2
42,2,1,2,1,1,1
43,1,1,1,1,1,1
44,1,1,1,2,2,2
45,2,2,1,1,2,2
46,2,1,1,1,1,1
47,2,1,1,1,2,2
48,1,1,1,1,1,1
49,1,1,1,2,1,2
50,1,2,2,1,1,2
51,1,1,1,1,1,1
52,1,1,1,2,2,2
53,2,2,2,2,1,2
54,1,1,1,1,2,2
55,2,1,2,2,2,2
56,2,1,2,1,1,2
57,2,1,2,1,2,2
58,2,2,2,2,2,2
59,2,2,2,1,2,2
60,2,1,1,1,1,1
61,2,2,2,2,2,2
62,1,1,2,1,1,1
63,2,1,1,2,1,1
64,1,1,2,2,1,2
65,1,1,2,1,1,1
66,2,2,1,2,2,2
67,1,1,1,1,2,2
68,1,1,2,1,1,1
69,2,2,2,2,2,2
70,2,2,2,2,2,2
71,2,2,2,1,1,1
72,1,1,2,1,1,1
73,2,2,2,1,1,1
74,2,2,2,1,2,1
75,1,1,1,1,1,2
76,1,2,2,1,1,1
77,1,2,1,2,2,2
78,2,1,1,1,1,1
79,1,1,1,2,1,2
80,1,1,1,2,1,2
81,2,2,2,2,1,1
82,2,1,1,1,1,1
83,2,2,2,2,2,2
84,2,1,2,1,1,2
85,2,2,2,2,1,1
86,1,1,1,1,1,1
87,2,2,1,1,1,1
88,1,2,2,2,2,1
89,1,1,2,1,2,2
90,1,2,2,1,1,1
91,1,2,1,1,2,2
92,2,1,1,1,1,1
93,1,1,1,2,1,2
94,2,2,2,1,1,2
95,1,1,1,1,2,2
96,2,1,2,2,1,1
97,2,1,2,1,1,2
98,2,2,1,1,1,2
99,1,1,1,1,1,1
100,1,1,1,2,2,2
101,2,2,1,2,2,2
102,2,1,2,2,1,2
103,1,1,1,1,2,2
104,1,1,1,1,2,1
105,2,2,2,2,2,2
106,1,1,1,1,1,1
107,1,1,1,2,1,1
108,2,1,2,1,1,1
109,2,1,1,1,1,1
110,2,2,2,2,2,2
111,2,2,2,2,1,1
112,1,1,1,2,2,1
113,1,1,1,2,2,1
114,2,1,1,1,1,1
115,1,1,1,2,1,1
116,1,2,1,2,2,1
117,1,1,1,2,2,1
118,2,2,1,2,2,2
119,1,1,1,1,1,1
120,1,2,2,1,1,1
121,2,2,1,2,1,1
122,2,1,1,1,1,1
123,1,1,1,1,1,1
124,1,1,1,2,2,2
125,1,1,1,2,1,2
126,1,1,1,1,1,2
127,2,2,2,2,1,2
128,1,1,1,1,1,1
129,1,1,1,2,2,1
130,2,2,2,2,2,2
131,1,2,2,1,1,1
132,2,2,2,1,2,2
133,1,1,1,1,1,1
134,2,2,2,1,1,1
135,2,2,1,2,1,2
136,2,1,1,1,1,2
137,1,1,1,1,1,1
138,2,1,2,2,2,2
139,2,1,2,2,1,1
140,1,2,1,1,1,2
141,2,2,2,2,1,2
142,1,2,1,2,2,2
143,1,1,1,2,1,2
144,2,1,2,1,1,1
145,1,1,1,2,2,2
146,1,1,1,2,2,2
147,2,2,2,2,2,2
148,1,2,2,2,2,2
149,2,1,2,2,2,2
150,2,2,2,1,1,1
151,1,1,1,2,1,1
152,1,1,1,1,1,2
153,2,2,1,1,1,1
154,1,2,2,1,2,1
155,1,1,2,1,2,2
156,1,1,1,1,2,2
157,1,1,1,1,1,1
158,1,1,1,2,2,2
159,1,2,2,1,2,2
160,2,1,1,2,1,1
161,2,1,1,1,1,1
162,1,1,1,2,1,2
163,1,1,1,2,1,2
164,2,1,2,1,1,1
165,2,2,2,1,1,1
166,1,1,2,2,1,1
167,1,2,2,2,2,1
168,2,2,2,2,2,2
169,2,2,1,1,2,2
170,1,1,1,1,1,1
171,1,2,1,2,2,2
172,1,1,2,1,1,1
173,2,1,1,1,1,1
174,1,2,2,1,1,1
175,1,2,1,1,1,1
176,1,1,1,2,2,2
177,1,1,1,1,2,2
178,2,1,1,2,1,1
179,1,1,1,2,2,2
180,1,2,1,2,1,1
181,2,1,1,2,2,2
182,1,1,1,2,2,2
183,1,1,1,1,1,2
184,1,1,1,1,2,2
185,2,1,2,1,1,1
186,2,1,1,2,2,2
187,1,1,1,1,2,2
188,2,1,2,2,2,1
189,2,1,1,1,1,1
190,1,2,2,2,1,2
191,1,2,2,1,1,1
192,1,1,1,1,2,1
193,2,2,2,1,2,1
194,2,1,2,1,1,2
195,1,1,1,1,2,2
196,2,2,2,1,1,1
197,1,1,1,1,1,1
198,1,2,1,2,1,1
199,2,2,2,1,2,1
200,1,1,1,1,1,1
201,2,2,2,1,2,1
202,1,1,1,1,1,2
203,1,1,1,2,1,2
204,2,2,2,1,2,2
205,2,1,1,2,1,1
206,1,1,1,1,1,2
207,2,1,1,2,2,2
208,2,2,2,2,1,2
209,1,1,1,1,2,2
210,2,1,1,2,1,1
211,2,2,1,1,2,1
212,1,1,2,1,2,2
213,1,1,1,2,2,2
214,1,1,1,1,1,1
215,1,1,1,1,1,2
216,2,2,2,1,1,1
217,2,2,2,1,1,1
218,2,2,1,1,1,1
219,2,2,1,1,2,2
220,1,1,1,2,2,2
221,1,2,1,2,2,2
222,1,1,1,1,1,1
223,2,2,2,1,2,1
224,2,2,2,1,2,1
225,1,1,1,1,2,2
226,2,1,2,2,2,2
227,1,1,1,1,1,1
228,1,1,1,2,2,1
229,1,1,1,2,1,2
230,1,1,1,2,2,2
231,2,2,2,1,2,2
232,1,2,2,1,1,1
233,2,1,2,2,2,1
234,2,2,2,2,2,1
235,1,1,1,2,1,1
236,1,2,2,2,1,2
237,1,1,1,1,1,1
238,1,1,1,1,1,1
239,2,2,2,2,1,2
240,1,1,2,2,1,1
241,2,1,2,2,1,2
242,1,1,1,2,2,2
243,2,1,1,1,1,1
244,1,2,2,1,1,1
245,1,2,1,2,1,2
246,2,1,2,1,2,1
247,2,2,1,1,1,1
248,2,1,1,2,2,2
249,1,1,1,2,2,2
250,1,1,2,1,1,1
251,2,1,2,1,2,2
252,1,1,1,2,1,1
253,2,2,2,1,1,2
254,1,1,1,2,1,1
255,1,1,2,2,2,2
256,2,2,2,2,2,1
257,1,1,1,1,1,1
258,2,1,1,1,2,2
259,2,2,1,1,2,1
260,2,2,1,2,2,2
261,1,2,2,2,2,1
262,2,1,1,2,2,1
263,1,1,1,1,1,2
264,2,2,1,1,1,1
265,2,1,1,2,2,2
266,1,1,1,2,2,2
267,2,1,1,1,1,1
268,1,1,1,2,2,2
269,1,1,2,1,1,1
270,2,2,2,2,1,1
271,2,2,2,1,2,2
272,2,2,2,2,1,2
273,2,2,1,2,2,1
274,2,2,2,2,1,2
275,1,1,1,2,2,1
276,2,1,1,2,2,2
277,2,1,1,2,1,1
278,2,2,2,2,1,1
279,1,1,1,2,2,2
280,2,2,2,1,1,1
281,2,2,2,1,1,1
282,1,1,1,1,1,1
283,1,1,1,2,2,1
284,1,1,2,2,1,2
285,2,1,1,2,2,1
286,2,1,2,2,1,1
287,1,2,2,2,1,1
288,2,1,2,1,1,1
289,1,1,1,2,2,2
290,1,1,1,2,2,2
291,1,1,1,1,1,1
292,2,2,2,1,1,1
293,2,2,2,2,2,2
294,1,1,2,2,2,1
295,1,1,1,2,1,1
296,2,2,2,2,2,1
297,2,1,2,1,1,1
298,2,1,1,1,1,1
299,1,2,1,1,1,1
300,1,1,1,1,1,1
301,1,1,1,1,1,1
302,2,1,1,1,1,1
303,2,1,1,1,1,1
304,2,1,2,2,1,1
305,2,1,2,1,2,1
306,1,1,1,2,1,2
307,1,1,1,1,2,1
308,1,1,1,2,1,1
309,2,2,1,2,2,2
310,1,1,1,2,2,2
311,1,1,2,1,1,1
312,1,2,1,1,1,1
313,2,2,2,1,1,1
314,2,1,2,1,2,1
315,2,2,2,2,2,1
316,1,1,1,1,2,2
317,1,2,1,1,2,2
318,2,2,2,2,2,2
319,2,1,1,1,1,1
320,1,1,2,2,2,1
321,1,1,1,2,2,2
322,2,2,2,2,1,2
323,2,2,2,1,1,1
324,2,1,2,1,1,2
325,2,1,2,2,2,2
326,2,2,2,2,2,2
327,2,2,2,1,1,2
328,1,1,2,2,1,1
329,1,1,1,2,1,1
330,2,1,1,1,1,2
331,2,2,1,1,1,1
332,1,2,2,1,2,1
333,2,2,2,1,1,1
334,1,1,1,1,1,1
335,1,1,1,1,1,1
336,1,2,2,2,2,2
337,2,2,1,1,1,2
338,1,2,1,2,1,2
339,1,2,1,2,2,1
340,2,2,1,1,2,2
341,1,2,2,1,1,1
342,2,2,2,2,1,1
343,1,1,1,2,2,2
344,1,1,1,2,2,2
345,1,1,2,2,1,1
346,2,2,2,1,1,2
347,2,2,2,2,2,1
348,2,2,1,2,1,1
349,2,2,1,2,1,2
350,1,1,2,1,1,1
351,2,1,1,2,1,1
352,2,1,1,2,1,1
353,1,1,1,1,2,2
354,1,1,1,2,1,2
355,1,1,1,2,2,2
356,1,2,2,1,2,2
357,1,1,1,1,1,1
358,2,2,2,2,2,2
359,1,2,1,2,2,2
360,2,2,2,1,2,2
361,2,1,2,1,2,1
362,1,1,1,2,2,2
363,2,2,2,2,2,2
364,1,1,1,2,1,2
365,2,2,2,2,1,2
366,2,1,1,2,1,1
367,1,1,2,1,1,1
368,2,2,2,1,2,2
369,2,2,1,2,1,1
370,2,2,2,2,2,2
371,2,2,1,2,1,2
372,1,1,1,1,1,1
373,1,1,1,1,1,2
374,2,2,2,1,2,2
375,2,2,2,2,2,2
376,1,1,1,1,2,2
377,1,1,1,2,2,2
378,1,1,1,1,1,2
379,1,1,1,1,1,1
380,2,2,2,2,2,2
381,1,1,1,1,2,2
382,2,1,1,1,1,1
383,2,1,2,2,1,1
384,1,1,2,2,2,1
385,2,1,1,1,1,1
386,2,1,2,2,1,1
387,2,2,2,2,1,2
388,1,1,1,2,2,2
389,1,1,1,1,1,1
390,1,1,2,2,2,2
391,1,2,1,1,1,1
392,2,1,2,2,2,2
393,2,1,1,1,1,1
394,1,1,1,2,2,2
395,2,2,1,1,1,1
396,2,1,1,2,1,1
397,2,2,1,2,2,2
398,2,2,2,1,1,1
399,1,1,1,1,1,1
400,1,2,1,2,1,2
401,1,2,2,2,1,1
402,2,1,1,1,1,1
403,2,2,2,1,1,1
404,1,1,2,2,2,2
405,2,1,1,1,1,2
406,2,1,1,2,1,2
407,1,1,1,2,2,2
408,1,1,1,1,1,1
409,1,2,1,1,1,1
410,2,1,2,2,1,2
411,1,2,1,2,1,1
412,1,2,1,1,1,1
413,1,1,2,1,1,2
414,1,1,1,2,1,2
415,1,1,1,2,2,1
416,1,1,2,1,1,1
417,1,1,1,1,1,1
418,2,2,1,2,2,2
419,1,2,1,2,1,1
420,2,1,2,2,1,2
421,2,1,1,2,2,2
422,2,1,1,2,2,2
423,2,2,2,1,1,1
424,1,2,2,1,1,1
425,1,1,2,1,1,2
426,1,1,1,2,2,2
427,1,1,1,1,1,1
428,2,2,2,2,2,1
429,1,1,1,1,2,1
430,1,1,1,1,1,1
431,1,1,2,2,1,1
432,2,2,2,2,2,2
433,1,1,1,1,1,1
434,1,1,1,1,1,1
435,1,1,1,1,2,1
436,2,2,1,1,1,1
437,1,2,1,2,2,1
438,2,1,2,1,2,2
439,2,1,1,1,1,1
440,2,1,1,1,1,1
441,1,1,1,2,1,1
442,1,1,1,2,1,2
443,1,1,1,1,1,1
444,2,2,1,2,1,2
445,1,1,1,1,1,1
446,2,2,2,1,2,2
447,2,2,2,2,1,1
448,1,1,1,2,1,1
449,2,1,1,2,1,1
450,1,1,2,1,1,1
451,2,1,1,1,1,1
452,2,1,2,1,2,1
453,1,2,2,2,2,2
454,1,1,2,2,2,2
455,1,1,1,2,2,2
456,1,1,1,1,1,1
457,1,1,2,2,2,2
458,1,1,1,2,2,2
459,2,1,2,2,2,1
460,2,1,1,2,2,2
461,1,1,1,2,1,1
462,1,2,2,1,2,2
463,1,2,1,2,1,2
464,1,2,1,2,2,2
465,2,2,2,2,2,2
466,2,2,2,2,2,1
467,1,1,1,1,1,1
468,1,2,1,2,2,2
469,2,2,2,2,2,2
470,2,2,2,2,2,1
471,2,2,1,2,1,2
472,2,2,2,1,1,1
473,2,1,2,1,2,2
474,1,1,1,1,1,1
475,1,1,1,2,1,2
476,2,2,1,1,2,1
477,1,1,1,1,2,2
478,2,1,1,1,1,1
479,1,2,2,2,1,2
480,1,1,2,1,1,2
481,2,1,2,2,1,1
482,2,1,1,1,1,1
483,2,2,1,1,1,1
484,2,2,1,1,1,1
485,2,2,1,2,1,2
486,1,1,1,2,2,2
487,2,2,2,2,2,2
488,1,1,1,2,1,1
489,1,1,1,1,1,2
490,1,1,2,2,1,2
491,2,1,1,1,1,1
492,2,2,2,2,1,1
493,1,1,1,2,2,2
494,1,1,1,1,1,1
495,2,2,1,1,1,1
496,1,1,1,2,2,2
497,1,1,1,2,1,1
498,1,1,1,1,1,1
499,2,1,1,1,1,1
500,1,2,1,2,2,2
501,2,2,2,1,1,1
502,1,1,2,1,1,1
503,2,2,2,2,1,2
504,1,2,2,1,1,1
505,1,1,1,2,1,1
506,2,1,1,2,2,2
507,2,1,2,2,2,1
508,2,2,2,1,1,1
509,2,2,2,1,1,2
510,2,1,2,1,1,2
511,2,2,2,1,2,2
512,1,1,2,2,1,1
513,2,2,2,2,1,2
514,1,1,1,1,1,1
515,1,1,2,1,1,1
516,1,1,1,2,2,2
517,2,2,2,1,2,1
518,1,1,1,1,1,1
519,1,2,2,1,2,1
520,2,2,2,1,2,1
521,2,2,1,1,2,2
522,2,2,1,1,1,1
523,1,2,2,2,2,2
524,1,1,2,1,1,1
525,2,1,2,1,1,1
526,1,2,2,1,2,2
527,1,1,1,1,1,1
528,1,1,2,2,1,1
529,1,1,1,1,2,2
530,2,2,1,2,1,1
531,2,1,2,2,2,2
532,1,1,1,2,1,1
533,1,1,1,1,2,1
534,1,1,1,1,1,1
535,1,1,1,1,1,1
536,1,1,2,1,1,1
537,2,1,1,1,1,2
538,1,1,2,1,1,1
539,2,2,1,1,2,1
540,1,1,2,2,2,2
541,2,1,1,1,1,1
542,1,1,1,1,1,1
543,2,2,1,1,1,1
544,1,2,2,2,2,2
545,1,1,1,2,1,1
546,1,1,2,1,2,1
547,2,1,1,2,2,1
548,2,1,1,1,1,1
549,2,1,1,1,1,1
550,1,2,2,1,1,1
551,2,2,2,1,1,1
552,1,1,1,2,2,1
553,1,2,1,2,2,2
554,1,1,2,1,1,1
555,1,1,1,2,1,1
556,2,1,2,1,2,2
557,1,2,1,2,2,2
558,1,1,1,1,1,1
559,1,1,1,1,1,1
560,1,2,1,2,1,2
561,1,2,2,1,1,1
562,1,2,1,1,2,2
563,1,1,1,2,2,2
564,2,2,2,2,1,2
565,2,1,1,1,1,1
566,1,1,1,1,1,1
567,2,2,2,2,2,2
568,1,1,2,1,1,1
569,1,1,1,1,1,1
570,2,1,2,1,1,1
571,2,2,2,1,1,1
572,2,2,2,2,1,1
573,2,1,2,1,1,1
574,1,1,2,2,2,1
575,2,2,2,1,1,1
576,1,1,1,2,2,2
577,1,2,1,1,2,2
578,2,2,2,1,1,1
579,1,2,1,2,2,2
580,1,1,1,2,1,1
581,2,1,2,2,2,2
582,2,1,1,2,2,2
583,2,2,2,1,1,1
584,2,1,2,2,2,1
585,2,1,1,2,1,2
586,1,1,1,2,2,2
587,1,1,1,2,1,2
588,1,1,1,2,2,2
589,2,1,1,1,1,1
590,1,1,1,1,1,1
591,2,1,1,1,2,2
592,2,1,1,2,1,2
593,1,1,1,1,1,1
594,1,1,1,1,1,1
595,2,1,1,1,1,1
596,1,1,2,1,1,1
597,1,1,2,2,1,2
598,2,1,2,2,1,1
599,2,2,2,2,1,1
600,1,1,2,1,1,1
601,1,2,1,2,2,2
602,2,1,1,1,1,1
603,2,2,2,2,2,2
604,2,2,1,1,1,1
605,1,1,1,1,2,1
606,1,2,1,1,1,1
607,1,1,1,2,2,2
608,1,2,1,2,2,2
609,1,1,1,2,1,1
610,2,2,2,1,1,2
611,2,1,2,1,1,1
612,1,1,1,2,2,2
613,2,2,2,1,1,2
614,2,1,2,1,2,1
615,2,2,2,2,2,2
616,1,2,1,1,2,2
617,1,2,1,2,1,2
618,2,2,2,2,2,2
619,1,1,1,2,1,1
620,1,1,1,1,1,1
621,2,2,2,2,1,2
622,1,1,1,2,1,1
623,2,2,2,1,1,1
624,1,2,2,1,1,1
625,2,1,2,2,1,2
626,2,2,2,2,1,1
627,1,1,1,2,1,2
628,2,1,1,1,2,2
629,1,1,1,1,1,1
630,2,2,2,2,1,2
631,1,1,2,1,2,2
632,2,1,1,1,1,1
633,1,1,1,1,2,2
634,1,1,1,2,2,2
635,2,1,1,2,1,2
636,2,2,2,2,1,1
637,1,1,1,2,1,1
638,2,1,2,2,1,1
639,1,1,1,1,1,1
640,1,1,2,1,1,2
641,1,2,1,1,2,1
642,1,1,1,2,2,2
643,2,1,2,2,1,1
644,2,2,2,1,1,1
645,1,1,1,2,2,2
646,1,1,1,1,2,2
647,2,1,2,2,2,2
648,2,2,2,2,2,2
649,2,1,1,1,1,1
650,1,1,2,1,1,1
651,1,1,2,1,1,1
652,1,1,1,1,2,2
653,2,2,1,1,1,1
654,1,1,1,2,1,2
655,1,1,1,2,2,2
656,1,1,1,1,2,2
657,1,1,2,1,2,1
658,1,1,1,2,2,2
659,1,1,1,1,1,2
660,1,2,2,1,2,2
661,2,2,2,2,1,2
662,1,1,1,1,2,2
663,1,1,1,1,1,1
664,1,1,1,1,1,1
665,2,2,2,1,1,1
666,1,1,1,1,1,2
667,2,2,2,1,1,1
668,2,2,1,2,2,2
669,2,2,2,2,2,2
670,2,2,2,2,1,1
671,2,2,1,2,2,2
672,1,1,1,2,1,2
673,1,1,1,1,1,1
674,1,1,1,2,1,2
675,1,1,1,2,1,2
676,1,1,1,2,1,1
677,1,2,2,1,1,1
678,1,1,1,2,2,2
679,1,1,1,2,1,2
680,2,2,2,1,2,2
681,1,2,2,2,2,2
682,2,1,1,1,1,1
683,1,2,1,1,1,1
684,1,1,1,1,2,1
685,1,1,1,1,2,1
686,1,2,2,2,1,1
687,1,1,1,1,1,1
688,2,1,2,2,1,1
689,2,2,2,1,2,1
690,1,1,1,1,1,2
691,1,1,2,2,2,2
692,2,1,2,1,1,1
693,2,2,2,2,2,2
694,1,1,1,2,1,1
695,1,1,2,2,1,2
696,1,1,1,2,1,1
697,2,1,1,1,1,1
698,1,1,1,1,2,2
699,2,2,1,1,2,2
700,2,1,2,2,2,2
701,2,1,1,2,2,2
702,2,2,2,2,2,2
703,1,1,1,1,1,1
704,1,1,1,1,1,1
705,2,2,2,2,2,2
706,1,1,1,2,1,1
707,2,2,2,2,2,2
708,1,1,2,1,1,1
709,2,1,2,1,1,1
710,1,1,2,1,1,1
711,1,2,2,1,2,2
712,1,2,2,1,1,1
713,1,1,1,2,2,1
714,2,1,1,1,1,1
715,2,1,1,2,1,1
716,1,1,1,1,2,2
717,1,1,1,2,2,2
718,2,2,2,2,1,2
719,1,1,1,2,1,2
720,1,1,1,1,2,2
721,1,1,1,1,2,2
722,1,2,1,2,2,2
723,1,1,1,1,2,1
724,2,2,2,1,1,2
725,1,1,2,1,1,1
726,2,2,2,2,2,2
727,1,1,1,1,1,1
728,1,1,1,2,2,1
729,1,1,1,2,1,2
730,1,1,1,1,1,2
731,1,1,1,2,2,2
732,2,1,2,1,1,1
733,1,1,2,1,1,1
734,1,1,1,1,1,1
735,2,2,2,1,1,1
736,1,2,1,1,1,1
737,1,1,2,2,1,1
738,1,1,1,1,2,2
739,2,1,1,1,1,2
740,1,2,1,2,2,2
741,1,1,1,1,1,2
742,1,1,1,2,2,2
743,2,2,2,2,2,2
744,2,1,2,2,2,1
745,2,1,1,2,2,2
746,1,1,2,1,1,1
747,1,2,1,1,1,1
748,1,1,1,2,1,1
749,2,1,1,2,1,1
750,2,2,1,1,1,1
751,1,1,1,1,2,2
752,1,2,1,1,1,2
753,2,1,1,1,1,1
754,1,2,2,1,1,1
755,1,2,1,2,2,2
756,2,2,2,2,2,2
757,2,1,2,2,1,1
758,2,1,2,2,2,2
759,1,1,1,1,1,1
760,1,2,2,1,1,1
761,1,1,1,2,2,1
762,1,1,1,2,2,2
763,1,1,1,1,2,2
764,1,1,1,1,1,1
765,1,1,1,1,2,1
766,1,2,1,2,2,2
767,1,1,1,2,2,2
768,1,1,1,2,2,2
769,1,1,1,1,2,2
770,1,1,1,1,1,1
771,1,1,1,2,1,1
772,1,1,1,1,1,1
773,1,1,1,1,1,1
774,1,1,1,1,1,1
775,2,2,2,1,2,1
776,1,1,1,1,1,1
777,1,1,2,1,1,1
778,2,1,1,1,1,1
779,2,1,1,1,1,2
780,1,1,1,1,2,2
781,1,1,1,1,1,1
782,1,1,1,2,2,2
783,1,1,1,2,2,1
784,1,1,1,2,1,1
785,2,1,1,2,2,1
786,2,1,1,1,1,1
787,2,2,1,2,2,2
788,1,1,2,2,1,1
789,1,1,1,2,1,1
790,2,2,2,2,1,1
791,2,2,2,1,2,2
792,2,1,1,1,1,2
793,1,1,1,1,1,1
794,1,1,1,1,1,2
795,1,1,2,1,1,1
796,2,2,2,1,2,1
797,2,2,2,2,2,1
798,1,1,2,1,1,2
799,2,2,2,2,2,2
800,1,1,1,2,2,1
801,1,1,2,1,1,1
802,1,1,1,2,2,2
803,1,1,1,2,2,2
804,2,1,1,2,2,2
805,1,1,1,1,1,1
806,2,2,1,1,1,1
807,2,1,1,2,2,2
808,2,1,2,1,2,1
809,1,1,1,2,2,2
810,1,2,2,2,2,1
811,1,1,1,2,1,1
812,1,1,1,1,1,1
813,1,1,1,1,1,1
814,2,2,2,2,1,1
815,1,1,1,1,1,1
816,2,1,2,1,1,1
817,2,2,2,2,2,1
818,2,1,1,2,2,2
819,2,1,2,2,1,1
820,1,1,2,1,1,1
821,2,2,2,2,2,1
822,1,1,2,2,1,2
823,2,1,1,1,1,1
824,1,1,1,1,1,1
825,1,2,1,2,2,2
826,1,1,1,1,2,2
827,2,2,2,2,1,2
828,2,1,2,1,1,1
829,2,1,1,1,1,1
830,2,2,2,1,2,2
831,2,2,2,1,1,1
832,1,1,1,1,1,1
833,1,1,1,1,1,1
834,1,1,1,1,1,1
835,1,2,1,2,1,1
836,1,1,2,2,1,2
837,2,2,2,1,1,1
838,1,1,2,1,1,1
839,1,1,1,1,1,1
840,2,2,2,2,2,2
841,2,2,2,2,1,2
842,2,1,1,1,1,1
843,2,2,2,2,2,2
844,1,1,1,2,2,2
845,1,1,2,2,2,2
846,2,2,1,1,2,2
847,1,1,1,2,2,2
848,2,1,1,2,1,1
849,2,1,2,2,1,1
850,2,1,2,2,1,1
851,2,2,2,1,2,1
852,1,1,1,1,1,2
853,1,1,1,1,2,2
854,2,2,2,1,1,1
855,2,1,1,2,2,2
856,1,1,1,2,1,1
857,1,1,2,1,1,1
858,1,1,1,1,1,1
859,1,2,2,1,1,1
860,1,2,1,1,1,1
861,2,2,2,2,2,2
862,2,1,1,1,1,1
863,1,1,1,1,2,2
864,1,1,1,1,1,2
865,1,1,2,1,2,1
866,1,1,1,1,2,1
867,2,1,2,2,1,2
868,1,2,1,1,1,2
869,2,1,2,1,1,1
870,1,2,1,1,2,2
871,2,2,2,2,2,2
872,1,1,1,2,1,2
873,2,1,1,1,1,1
874,2,2,2,2,2,2
875,2,2,2,1,2,2
876,1,1,1,1,1,2
877,1,1,1,1,1,1
878,2,1,1,1,1,1
879,1,1,1,2,2,1
880,2,2,2,1,1,1
881,2,2,2,1,1,1
882,2,1,1,1,1,1
883,1,1,1,1,1,1
884,2,1,1,2,2,1
885,2,2,1,1,2,2
886,2,2,2,2,2,2
887,2,1,2,1,1,1
888,1,2,2,2,1,1
889,2,1,1,2,2,1
890,2,2,2,2,2,2
891,2,1,2,1,1,1
892,1,1,1,1,1,1
893,1,1,1,2,2,2
894,1,2,2,1,1,1
895,2,2,2,2,1,1
896,1,1,1,1,2,2
897,2,1,2,2,2,2
898,1,1,1,2,1,2
899,2,2,2,1,1,1
900,1,1,1,2,2,2
901,2,1,1,2,2,1
902,1,1,1,1,1,1
903,1,1,1,1,1,1
904,1,1,1,2,1,2
905,2,1,1,1,1,1
906,1,2,1,2,2,2
907,1,1,1,1,1,1
908,1,1,1,1,1,1
909,1,1,1,1,1,1
910,1,2,2,1,2,1
911,1,1,1,1,1,1
912,2,2,2,2,2,2
913,1,1,1,1,1,1
914,1,1,1,1,2,2
915,1,2,1,1,1,1
916,2,1,2,1,1,1
917,1,1,1,1,2,2
918,2,1,2,1,2,2
919,2,2,2,1,1,1
920,1,2,2,1,1,1
921,2,2,1,1,1,2
922,2,1,1,1,2,1
923,2,2,1,1,1,2
924,1,2,1,1,1,1
925,1,2,1,2,2,2
926,2,2,1,1,1,1
927,1,1,1,1,2,1
928,2,2,2,1,1,1
929,2,1,2,2,2,1
930,2,2,2,2,1,1
931,1,2,2,2,1,2
932,1,1,1,1,1,1
933,1,2,1,2,2,2
934,1,1,2,1,2,2
935,1,1,1,1,1,1
936,2,1,1,1,1,1
937,1,1,2,1,1,1
938,1,2,2,2,2,1
939,2,1,1,1,1,1
940,2,2,2,2,1,2
941,2,2,1,1,1,1
942,1,1,1,1,1,1
943,1,2,1,2,1,2
944,2,1,1,1,1,1
945,1,1,1,1,1,1
946,1,2,2,2,1,1
947,2,2,1,2,1,1
948,1,2,1,1,2,2
949,1,2,2,1,1,1
950,2,1,1,1,1,1
951,1,1,1,2,2,2
952,2,2,1,1,1,1
953,1,1,1,1,2,2
954,2,1,1,2,2,2
955,1,1,1,1,1,1
956,2,1,2,2,1,1
957,2,1,1,1,1,1
958,2,2,2,1,2,2
959,2,2,2,2,1,1
960,1,2,1,1,2,2
961,2,2,2,2,2,2
962,1,1,1,1,2,2
963,2,1,2,2,2,2
964,1,1,1,2,1,2
965,1,1,1,1,1,1
966,2,2,1,1,1,1
967,2,1,1,1,1,2
968,1,1,1,1,1,1
969,1,1,2,1,1,1
970,1,1,1,2,2,2
971,2,1,1,2,2,2
972,2,2,1,1,1,2
973,1,1,1,2,1,2
974,2,2,1,1,1,1
975,2,1,1,2,1,1
976,1,1,1,2,2,1
977,2,2,2,2,2,2
978,1,1,1,2,2,2
979,1,1,1,2,2,2
980,2,1,1,1,1,1
981,1,1,1,2,1,2
982,2,2,2,2,2,2
983,1,2,1,1,1,1
984,1,2,1,1,1,1
985,2,2,2,2,2,2
986,2,1,1,2,1,1
987,2,2,2,1,1,1
988,1,1,1,2,1,1
989,2,2,2,1,1,1
990,1,1,2,2,1,1
991,2,2,2,2,2,2
992,2,1,1,1,1,1
993,1,1,1,1,2,2
994,1,1,1,1,1,1
995,1,1,1,2,2,2
996,1,1,1,2,2,2
997,1,1,1,2,2,2
998,1,1,1,1,1,1
999,2,1,2,2,1,1
1000,2,2,2,1,2,2
1001,2,2,1,1,1,1
1002,1,2,2,2,1,1
1003,2,2,2,2,2,2
1004,1,1,1,1,1,1
1005,1,1,1,2,1,1
1006,1,1,1,1,2,2
1007,1,2,1,1,2,2
1008,2,1,1,1,1,1
1009,2,2,2,2,2,1
1010,2,2,2,2,2,2
1011,1,1,1,1,1,1
1012,1,1,1,2,1,2
1013,1,1,2,2,1,1
1014,2,1,2,1,1,1
1015,1,1,1,1,1,2
1016,2,2,2,2,2,2
1017,1,2,2,1,1,1
1018,2,1,1,1,1,1
1019,1,2,1,2,2,2
1020,2,1,1,1,1,1
1021,1,1,1,2,1,2
1022,2,2,2,2,2,2
1023,1,1,1,2,1,1
1024,1,2,2,1,1,1
1025,1,1,1,2,2,2
1026,1,1,2,1,1,2
1027,1,1,2,1,1,1
1028,1,2,1,1,1,1
1029,1,1,1,1,1,2
1030,1,2,2,1,1,2
1031,1,1,1,1,1,1
1032,1,1,1,2,2,2
1033,2,2,2,2,1,2
1034,2,1,1,1,1,1
1035,2,1,1,2,2,2
1036,1,1,1,1,1,1
1037,1,1,2,2,2,2
1038,2,2,1,1,1,2
1039,1,1,1,1,1,1
1040,1,1,2,1,1,1
1041,2,2,2,2,1,1
1042,1,1,1,1,2,1
1043,1,1,1,1,2,2
1044,2,2,2,2,1,1
1045,2,1,1,1,1,1
1046,2,2,2,1,1,1
1047,2,2,2,2,1,2
1048,2,1,2,1,1,1
1049,1,1,1,2,2,2
1050,1,1,1,2,2,2
1051,1,1,1,1,2,2
1052,1,2,1,2,1,2
1053,1,1,2,2,1,1
1054,2,1,1,1,1,1
1055,2,1,2,2,1,2
1056,1,1,2,1,2,2
1057,1,1,1,1,1,1
1058,2,2,1,2,2,1
1059,1,2,1,2,1,1
1060,1,1,1,2,1,1
1061,1,1,2,2,1,2
1062,2,1,1,1,2,1
1063,1,1,1,2,2,2
1064,1,1,1,2,2,2
1065,1,2,2,1,1,1
1066,2,1,2,2,2,2
1067,2,1,1,2,1,1
1068,1,1,1,2,1,1
1069,1,1,1,1,1,1
1070,2,1,2,1,2,2
1071,2,2,2,1,1,1
1072,1,1,1,2,1,1
1073,1,1,2,1,1,1
1074,2,1,1,1,2,2
1075,1,1,2,1,1,1
1076,2,1,2,2,2,2
1077,2,2,2,2,2,2
1078,1,1,1,2,2,1
1079,2,2,2,2,1,2
1080,2,2,2,2,2,2
1081,1,1,1,1,1,2
1082,1,1,1,2,2,2
1083,2,1,1,2,1,2
1084,2,1,2,1,2,2
1085,1,1,1,2,1,2
1086,1,1,1,2,2,1
1087,2,1,1,1,2,2
1088,1,2,1,2,2,2
1089,1,1,1,1,1,2
1090,1,2,1,1,1,1
1091,2,2,1,2,2,1
1092,2,1,1,2,1,1
1093,1,2,2,1,1,1
1094,1,1,1,1,1,2
1095,2,2,2,1,1,1
1096,2,2,2,2,2,2
1097,1,1,2,2,2,2
1098,2,2,2,1,1,2
1099,1,2,2,2,2,2
1100,1,1,1,1,1,1
1101,1,1,1,2,1,1
1102,2,2,2,1,1,1
1103,1,1,1,2,2,2
1104,1,2,1,2,2,2
1105,2,1,1,2,2,1
1106,2,1,1,1,1,1
1107,2,1,2,2,2,2
1108,1,1,1,2,2,2
1109,2,2,2,1,1,1
1110,2,1,1,1,1,1
1111,2,2,1,1,1,1
1112,1,2,2,2,2,1
1113,1,1,1,2,1,1
1114,2,1,1,1,1,1
1115,1,1,1,1,1,1
1116,2,2,2,2,2,2
1117,1,1,1,2,2,2
1118,1,2,2,1,1,1
1119,2,2,1,2,1,1
1120,2,2,1,2,2,2
1121,2,2,2,1,1,1
1122,2,1,2,1,2,1
1123,2,2,2,2,1,2
1124,1,1,1,2,2,1
1125,2,2,1,2,2,2
1126,1,1,1,1,1,1
1127,1,2,2,1,2,2
1128,1,1,1,1,1,2
1129,2,1,1,2,2,2
1130,2,2,2,1,2,1
1131,1,1,1,1,1,1
1132,2,2,2,2,2,2
1133,2,1,2,1,1,2
1134,2,2,2,2,2,1
1135,2,1,2,2,2,2
1136,1,1,1,2,1,1
1137,1,1,2,1,1,1
1138,1,2,2,2,1,1
1139,2,2,2,2,1,2
1140,1,1,1,1,2,2
1141,2,2,2,1,1,1
1142,1,1,2,2,2,2
1143,2,1,1,2,1,1
1144,1,1,1,1,1,1
1145,1,1,1,2,2,1
1146,2,1,1,1,1,1
1147,2,2,2,1,2,1
1148,1,1,1,2,1,1
1149,2,2,2,1,2,1
1150,2,2,2,1,2,2
1151,1,1,1,1,1,2
1152,1,1,1,1,1,1
1153,1,1,1,2,2,2
1154,2,2,2,1,1,1
1155,1,1,1,1,1,1
1156,2,2,2,2,2,2
1157,1,1,1,1,1,2
1158,2,1,1,1,1,1
1159,1,1,1,2,1,2
1160,1,1,1,1,1,1
1161,1,2,2,2,2,1
1162,1,1,1,1,2,2
1163,1,1,1,2,2,2
1164,2,2,2,2,2,2
1165,2,1,2,1,1,1
1166,1,1,1,1,1,1
1167,1,1,1,2,1,2
1168,2,2,1,2,2,1
1169,2,2,2,1,1,1
1170,2,1,2,1,1,1
1171,1,1,1,2,1,2
1172,1,1,2,1,1,1
1173,1,1,1,2,1,2
1174,2,2,2,1,2,2
1175,2,2,2,2,1,2
1176,1,1,1,1,1,1
1177,1,1,1,1,1,1
1178,1,1,2,1,1,1
1179,2,2,2,2,2,2
1180,1,1,1,1,1,1
1181,2,1,1,1,2,2
1182,2,2,2,1,1,2
1183,2,1,1,1,1,1
1184,1,2,2,2,1,1
1185,1,1,2,2,1,1
1186,1,1,2,2,1,1
1187,2,1,1,1,1,1
1188,2,1,1,1,2,2
1189,1,1,1,1,2,2
1190,1,1,1,1,2,2
1191,1,1,1,1,1,1
1192,1,1,1,2,1,1
1193,1,1,1,1,2,2
1194,1,1,1,2,2,2
1195,2,1,2,1,1,1
1196,1,1,1,1,1,1
1197,1,1,1,2,2,2
1198,2,2,2,1,1,1
1199,2,2,1,2,2,2
1200,2,2,2,1,1,1
1201,1,1,1,2,1,2
1202,1,1,1,2,2,1
1203,1,1,1,1,1,1
1204,2,2,1,2,1,1
1205,1,1,1,2,1,1
1206,1,1,1,1,1,1
1207,2,1,2,1,2,1
1208,1,1,1,2,2,2
1209,2,2,2,2,1,2
1210,2,2,2,1,2,2
1211,1,1,1,1,2,2
1212,2,2,2,1,2,2
1213,1,1,2,1,1,1
1214,1,1,1,1,1,1
1215,2,1,2,2,2,2
1216,2,2,2,2,2,2
1217,2,1,2,2,2,2
1218,2,1,1,1,1,1
1219,2,2,2,1,1,1
1220,2,1,1,1,1,1
1221,2,2,2,1,1,1
1222,1,1,1,2,1,1
1223,1,1,1,2,2,2
1224,2,2,2,2,1,2
1225,1,1,1,2,2,2
1226,2,2,2,1,2,2
1227,1,1,1,2,2,1
1228,1,1,1,2,1,1
1229,1,1,1,2,1,1
1230,2,2,2,2,1,2
1231,1,1,2,2,1,1
1232,1,1,2,1,1,1
1233,1,1,2,1,1,1
1234,1,2,2,1,2,2
1235,2,2,2,2,2,2
1236,1,2,1,1,1,1
1237,1,1,1,1,1,1
1238,2,2,1,1,1,1
1239,1,1,1,1,1,1
1240,1,2,2,2,1,1
1241,2,2,1,1,1,1
1242,2,1,2,2,2,2
1243,2,2,2,2,2,2
1244,1,1,2,1,1,2
1245,1,2,2,2,2,1
1246,1,1,1,1,1,1
1247,2,1,1,1,1,1
1248,2,1,2,2,2,2
1249,2,1,1,2,1,1
1250,2,1,1,2,2,1
1251,1,2,2,1,1,1
1252,1,1,1,1,1,1
1253,1,1,1,1,2,2
1254,1,1,1,2,2,2
1255,1,1,1,2,2,2
1256,1,2,1,2,1,1
1257,2,2,1,1,1,2
1258,1,1,1,1,1,1
1259,1,1,1,1,2,1
1260,2,2,2,1,2,2
1261,1,2,1,2,2,2
1262,2,2,2,2,1,1
1263,2,2,2,2,2,2
1264,2,1,1,1,1,1
1265,1,1,1,2,1,1
1266,1,1,1,1,1,2
1267,1,1,1,1,1,1
1268,2,1,1,1,1,2
1269,1,1,1,2,1,2
1270,1,1,1,2,2,2
1271,1,1,1,1,1,2
1272,1,1,1,1,1,1
1273,1,1,1,1,1,1
1274,2,1,1,1,2,2
1275,1,1,1,1,1,1
1276,2,1,2,2,2,2
1277,1,1,1,2,2,2
1278,1,1,1,1,1,1
1279,1,1,1,1,1,1
1280,1,2,1,2,2,2
1281,2,1,1,1,1,1
1282,2,1,2,2,1,1
1283,2,2,2,2,1,2
1284,1,2,2,1,2,2
1285,1,1,1,1,2,1
1286,2,2,1,2,2,2
1287,2,2,2,2,2,2
1288,1,1,1,1,2,2
1289,2,2,1,2,1,1
1290,2,2,2,2,2,1
1291,1,1,2,2,2,2
1292,2,1,1,2,1,1
1293,1,2,2,1,1,2
1294,1,1,1,1,1,1
1295,1,1,2,2,1,1
1296,1,1,1,1,1,1
1297,1,1,2,1,1,2
1298,1,1,1,2,2,1
1299,2,1,2,1,2,1
1300,2,2,2,1,1,1
1301,2,1,1,1,1,1
1302,2,2,2,2,2,2
1303,2,1,2,2,2,2
1304,1,1,2,2,2,2
1305,1,1,1,2,2,2
1306,1,1,1,1,1,1
1307,1,1,1,1,1,2
1308,1,1,2,1,1,1
1309,2,2,2,2,1,1
1310,1,1,1,1,1,1
1311,2,2,2,2,2,2
1312,2,1,1,2,1,2
1313,2,1,1,2,2,2
1314,1,2,2,2,2,1
1315,1,2,1,1,2,2
1316,1,1,1,1,1,1
1317,2,1,2,2,2,2
1318,1,2,2,2,1,1
1319,2,2,2,2,1,1
1320,2,1,1,2,2,2
1321,2,1,2,1,1,2
1322,2,1,1,1,1,1
1323,1,1,1,1,1,1
1324,1,1,1,2,2,2
1325,1,1,1,1,2,2
1326,2,1,1,1,1,2
1327,2,2,2,2,2,2
1328,2,2,2,1,1,1
1329,1,1,2,1,1,1
1330,1,1,1,2,2,2
1331,2,1,2,1,1,1
1332,1,1,1,1,1,1
1333,1,1,1,1,1,2
1334,2,1,2,2,2,1
1335,2,2,2,2,1,1
1336,2,2,2,2,2,2
1337,1,2,1,2,2,2
1338,2,2,2,2,1,2
1339,1,2,1,2,2,2
1340,2,2,2,2,2,1
1341,1,1,1,1,2,2
1342,2,2,1,1,1,1
1343,2,2,2,1,1,1
1344,1,1,1,2,1,1
1345,1,1,1,2,2,2
1346,2,2,2,2,2,2
1347,2,2,2,1,1,1
1348,2,2,2,2,2,1
1349,1,1,1,1,1,2
1350,1,1,1,1,1,1
1351,1,1,1,1,1,1
1352,2,1,2,2,2,2
1353,1,1,1,2,2,2
1354,1,1,2,1,1,1
1355,2,2,2,1,2,2
1356,1,1,1,1,1,1
1357,1,1,1,2,2,2
1358,2,1,1,2,2,2
1359,1,1,1,2,1,1
1360,1,1,1,1,1,1
1361,1,1,1,2,2,2
1362,2,1,2,1,1,1
1363,1,1,1,1,1,1
1364,2,2,2,1,2,2
1365,1,2,1,1,1,2
1366,1,2,1,1,2,1
1367,1,1,1,2,2,2
1368,2,2,2,1,1,1
1369,1,1,1,1,1,1
1370,2,2,2,2,2,2
1371,1,1,1,2,2,2
1372,1,1,1,1,2,2
1373,2,2,2,2,1,1
1374,2,2,2,2,2,2
1375,1,1,1,1,1,1
1376,1,1,1,1,2,2
1377,2,1,1,1,1,2
1378,1,1,2,1,1,1
1379,2,1,1,2,2,2
1380,2,1,2,1,1,1
1381,2,1,1,1,1,1
1382,1,1,1,1,1,2
1383,1,1,1,2,2,2
1384,1,2,2,2,1,2
1385,2,2,2,1,1,1
1386,1,1,2,1,1,1
1387,1,1,1,1,1,1
1388,1,1,1,2,2,2
1389,1,1,1,1,1,1
1390,1,1,2,1,2,2
1391,1,1,1,2,1,2
1392,2,2,2,2,1,2
1393,1,1,1,2,1,2
1394,1,1,2,2,1,2
1395,2,2,2,1,2,2
1396,2,1,1,2,1,2
1397,2,1,2,2,2,2
1398,1,1,1,2,2,2
1399,1,2,1,2,1,1
1400,2,2,1,2,2,1
1401,1,2,2,1,2,1
1402,1,1,1,2,2,1
1403,1,1,1,2,2,1
1404,1,1,1,2,1,2
1405,1,1,1,1,1,1
1406,1,1,1,2,1,1
1407,2,1,1,2,1,1
1408,2,2,1,1,1,1
1409,1,1,1,1,1,1
1410,1,1,1,1,1,1
1411,1,2,1,1,1,1
1412,1,2,2,2,2,2
1413,1,1,1,1,1,1
1414,1,1,1,1,2,2
1415,1,1,2,1,1,1
1416,2,2,2,2,2,2
1417,1,1,1,1,1,2
1418,2,1,2,1,1,1
1419,1,1,1,2,1,1
1420,1,1,1,2,1,2
1421,2,1,1,1,1,1
1422,1,2,1,1,2,1
1423,2,1,1,2,2,2
1424,2,1,1,1,1,1
1425,2,1,1,2,1,1
1426,1,1,1,1,1,1
1427,1,1,1,2,1,1
1428,1,1,1,1,1,1
1429,1,1,1,2,2,2
1430,2,1,2,1,1,2
1431,2,1,1,2,1,1
1432,1,2,1,1,1,1
1433,1,2,2,1,1,1
1434,1,1,1,1,1,1
1435,1,1,1,1,1,2
1436,1,1,1,1,1,2
1437,2,1,2,2,2,2
1438,1,1,1,2,2,2
1439,1,2,1,2,1,1
1440,1,2,1,1,1,1
1441,2,1,1,2,2,2
1442,1,1,2,1,1,1
1443,1,1,1,1,1,1
1444,1,2,1,2,1,2
1445,1,1,1,1,1,1
1446,1,1,1,2,1,2
1447,2,2,1,1,1,1
1448,1,1,2,2,1,2
1449,1,2,1,2,2,2
1450,1,2,2,1,1,1
1451,1,1,2,1,1,1
1452,2,1,1,1,1,1
1453,2,1,2,2,2,2
1454,1,1,1,2,2,1
1455,1,1,1,2,1,2
1456,2,2,1,1,1,2
1457,1,1,2,2,1,1
1458,1,1,1,1,1,2
1459,2,2,2,2,2,2
1460,1,1,1,1,1,1
1461,2,2,2,2,2,2
1462,1,2,1,2,2,1
1463,2,1,1,2,2,2
1464,1,1,2,1,1,1
1465,2,1,1,1,1,1
1466,2,1,1,2,1,1
1467,2,2,2,1,2,2
1468,1,1,1,2,2,2
1469,1,1,1,1,2,2
1470,2,1,1,1,1,1
1471,1,1,1,1,1,1
1472,1,1,1,1,1,1
1473,2,2,2,1,1,1
1474,2,2,1,1,1,1
1475,2,1,2,2,2,1
1476,1,2,2,1,1,1
1477,1,1,1,2,1,2
1478,1,1,2,1,1,2
1479,1,1,1,1,1,1
1480,1,1,2,1,1,1
1481,2,1,1,1,1,2
1482,1,1,1,2,1,1
1483,1,1,1,2,2,2
1484,1,2,2,2,2,2
1485,1,1,2,1,2,2
1486,2,1,1,1,2,1
1487,1,1,1,1,1,1
1488,1,1,1,2,2,1
1489,2,1,2,1,1,1
1490,1,1,1,2,2,2
1491,1,1,1,1,1,1
1492,2,1,2,2,2,2
1493,1,1,2,1,1,2
1494,1,1,1,1,1,2
1495,1,2,1,1,1,1
1496,1,1,1,2,1,2
1497,2,2,2,1,2,1
1498,2,2,2,1,2,2
1499,1,1,1,1,1,1
1500,2,1,1,1,1,1
1501,1,1,1,1,2,1
1502,2,2,2,2,2,2
1503,1,1,1,1,1,2
1504,2,2,2,2,2,2
1505,2,2,2,2,2,1
1506,2,2,2,2,2,2
1507,1,2,1,2,1,2
1508,2,1,1,1,2,1
1509,1,1,1,1,1,2
1510,1,1,1,1,1,1
1511,2,1,2,1,1,2
1512,1,1,1,2,1,1
1513,1,1,1,2,2,2
1514,2,1,2,1,1,2
1515,1,1,1,1,1,1
1516,1,1,1,1,1,1
1517,2,1,1,1,2,2
1518,2,1,2,1,1,1
1519,2,1,1,2,1,1
1520,1,2,2,1,1,1
1521,1,2,1,1,2,2
1522,2,2,2,1,1,1
1523,2,1,2,1,2,1
1524,1,1,2,1,1,1
1525,1,1,1,1,1,1
1526,2,2,2,1,1,1
1527,1,1,1,1,1,1
1528,2,1,1,1,1,1
1529,2,2,2,2,1,1
1530,2,1,2,2,2,2
1531,2,2,2,2,2,2
1532,1,1,1,1,1,1
1533,2,2,2,1,1,1
1534,1,1,1,2,1,1
1535,1,2,1,1,2,2
1536,1,1,1,1,1,2
1537,1,1,1,2,2,2
1538,1,1,2,1,1,1
1539,1,1,2,2,1,1
1540,1,2,2,1,1,1
1541,1,2,1,1,1,2
1542,1,2,1,1,1,1
1543,2,2,2,2,1,2
1544,2,2,2,1,1,1
1545,1,1,1,1,1,1
1546,1,1,2,1,1,1
1547,2,2,2,1,1,1
1548,1,1,1,1,1,1
1549,1,1,1,1,2,1
1550,1,2,1,1,2,1
1551,1,1,1,2,1,2
1552,1,1,1,1,1,1
1553,2,1,1,2,1,1
1554,1,1,2,1,2,2
1555,1,1,1,1,1,1
1556,2,1,1,2,2,2
1557,1,2,2,1,1,1
1558,1,2,2,1,1,1
1559,1,1,2,1,1,1
1560,1,1,2,1,1,1
1561,1,1,1,1,1,2
1562,2,2,2,1,1,2
1563,2,2,2,2,1,1
1564,1,1,1,1,1,1
1565,2,2,2,1,1,1
1566,1,2,1,1,1,1
1567,1,2,2,1,1,1
1568,1,1,1,1,1,1
1569,2,2,2,1,1,1
1570,1,2,1,1,1,1
1571,1,1,1,2,2,2
1572,1,2,2,2,1,2
1573,1,2,2,1,1,1
1574,1,1,1,1,2,2
1575,1,2,1,2,2,2
1576,1,1,2,2,2,1
1577,1,1,1,1,2,2
1578,2,2,2,2,2,2
1579,2,2,1,2,1,1
1580,2,2,1,1,1,1
1581,2,1,2,1,1,1
1582,1,1,1,2,2,2
1583,1,1,2,2,1,2
1584,2,2,2,2,2,2
1585,1,2,2,2,1,1
1586,1,1,1,2,1,2
1587,2,1,2,1,1,1
1588,2,2,2,2,2,2
1589,2,1,1,2,1,2
1590,1,1,1,2,2,2
1591,1,2,1,1,1,1
1592,1,1,2,1,2,1
1593,2,1,1,1,1,1
1594,1,1,2,2,1,1
1595,1,1,1,2,2,2
1596,2,2,2,2,1,1
1597,1,2,2,2,2,1
1598,1,2,1,1,1,1
1599,2,1,1,2,2,2
1600,1,1,1,1,1,1
1601,2,2,2,1,1,2
1602,1,1,1,1,1,1
1603,1,1,1,1,1,1
1604,2,1,1,2,2,2
1605,1,1,1,2,1,2
1606,1,1,1,2,2,2
1607,2,2,1,1,2,1
1608,1,2,2,2,1,1
1609,1,1,1,1,1,2
1610,2,2,2,2,2,1
1611,1,1,1,2,2,2
1612,1,1,2,1,1,2
1613,1,1,2,1,1,1
1614,1,2,1,1,1,2
1615,1,1,1,2,2,1
1616,1,1,1,1,2,1
1617,1,2,2,1,1,1
1618,2,1,1,1,1,1
1619,1,1,2,2,1,1
1620,1,1,2,1,1,1
1621,1,1,1,2,1,2
1622,1,1,1,1,1,1
1623,1,1,2,1,1,2
1624,2,2,2,2,2,2
1625,1,2,1,1,1,1
1626,2,1,1,1,1,1
1627,1,1,1,1,1,2
1628,2,1,1,1,2,2
1629,1,1,1,1,1,1
1630,2,2,1,2,1,2
1631,2,2,2,2,2,2
1632,1,1,1,1,1,1
1633,1,1,2,1,1,1
1634,1,2,2,1,1,2
1635,1,2,1,1,1,1
1636,1,2,2,1,2,2
1637,1,1,2,1,1,1
1638,2,2,1,1,2,1
1639,2,2,1,1,1,2
1640,2,2,1,1,1,1
1641,1,1,1,1,1,2
1642,1,1,1,1,1,1
1643,1,1,1,1,1,1
1644,2,2,1,1,1,1
1645,2,1,2,1,1,1
1646,1,1,1,1,2,2
1647,2,2,2,2,2,2
1648,1,1,2,1,1,1
1649,1,2,2,1,2,2
1650,1,1,1,1,1,1
1651,1,1,1,1,1,2
1652,2,1,1,2,1,1
1653,1,1,1,1,1,1
1654,2,2,1,1,1,2
1655,2,1,1,2,1,1
1656,2,1,1,1,1,1
1657,1,1,2,1,1,1
1658,2,1,1,1,1,1
1659,1,2,2,1,1,1
1660,1,1,2,1,1,1
1661,1,2,1,1,2,2
1662,1,1,1,1,1,1
1663,2,2,2,2,1,2
1664,1,1,1,2,2,2
1665,1,1,1,2,2,2
1666,2,1,1,1,2,2
1667,2,2,2,2,2,2
1668,1,1,1,2,1,2
1669,2,2,2,1,1,1
1670,1,1,1,1,1,1
1671,1,2,1,2,1,2
1672,1,1,1,2,1,1
1673,2,1,2,2,2,2
1674,2,2,1,2,2,1
1675,1,1,1,1,2,2
1676,1,1,1,1,2,1
1677,2,2,2,2,2,1
1678,2,1,2,2,2,2
1679,2,1,2,2,1,1
1680,2,2,2,1,1,1
1681,2,1,1,2,1,2
1682,1,2,2,2,2,2
1683,1,1,1,2,2,2
1684,1,2,1,1,2,2
1685,2,1,1,2,1,1
1686,1,1,1,2,2,2
1687,2,2,2,1,1,1
1688,1,1,1,2,1,2
1689,1,2,1,2,2,2
1690,1,2,2,1,1,2
1691,2,2,2,2,2,2
1692,1,1,1,1,2,2
1693,1,1,1,1,1,1
1694,2,2,2,2,2,2
1695,2,1,1,1,1,2
1696,2,1,1,1,1,1
1697,2,1,2,1,2,1
1698,1,1,1,2,2,2
1699,1,1,2,1,1,1
1700,2,1,1,1,2,2
1701,1,2,2,1,1,1
1702,2,1,1,1,1,1
1703,1,1,1,1,1,2
1704,2,1,2,2,1,2
1705,2,2,1,2,2,2
1706,2,1,2,1,1,1
1707,2,2,1,1,1,1
1708,1,1,2,2,2,2
1709,1,1,2,2,2,2
1710,1,1,1,2,2,2
1711,2,1,2,2,1,2
1712,2,2,2,1,1,1
1713,1,1,1,1,1,2
1714,2,2,1,2,2,2
1715,1,1,2,2,2,2
1716,2,1,2,2,2,2
1717,2,2,2,2,2,2
1718,2,1,2,1,2,2
1719,2,1,1,1,1,1
1720,1,1,2,2,2,2
1721,1,2,2,2,2,2
1722,2,2,2,2,2,2
1723,1,1,1,1,1,1
1724,1,2,2,2,2,1
1725,2,1,1,1,1,1
1726,2,1,1,1,1,1
1727,2,2,2,2,1,2
1728,1,1,1,1,1,1
1729,1,1,1,1,1,2
1730,2,1,2,1,1,1
1731,1,2,2,2,1,1
1732,1,1,1,2,1,1
1733,1,2,2,2,1,2
1734,1,2,2,1,1,1
1735,2,1,1,1,1,2
1736,1,1,1,1,1,1
1737,1,1,1,1,2,1
1738,2,2,2,2,2,2
1739,2,2,1,2,2,2
1740,2,2,2,1,2,1
1741,1,1,1,2,2,2
1742,1,1,1,2,2,1
1743,1,1,2,1,1,2
1744,1,1,1,2,1,2
1745,1,1,1,2,2,1
1746,1,2,2,2,1,1
1747,1,1,1,1,1,1
1748,1,2,1,1,1,1
1749,2,2,2,2,2,1
1750,2,2,2,1,2,2
1751,1,1,1,2,1,1
1752,1,1,1,2,2,1
1753,1,2,1,2,2,2
1754,2,1,1,1,1,1
1755,2,1,2,1,1,2
1756,1,1,1,2,2,2
1757,2,2,2,2,2,2
1758,1,1,1,1,1,1
1759,1,1,1,2,2,1
1760,1,1,1,1,1,1
1761,1,1,2,2,1,2
1762,1,2,1,1,1,2
1763,2,2,2,2,2,2
1764,2,2,2,2,2,2
1765,1,2,2,1,1,2
1766,1,1,1,1,2,2
1767,2,2,2,1,1,1
1768,2,2,2,2,2,2
1769,1,1,1,2,2,2
1770,1,1,1,2,1,1
1771,2,2,1,2,2,2
1772,2,2,1,1,1,2
1773,2,1,1,1,1,1
1774,2,1,2,1,2,1
1775,1,1,1,1,1,1
1776,2,1,1,1,1,1
1777,2,1,2,2,2,2
1778,1,1,2,1,1,1
1779,1,1,1,2,1,2
1780,2,2,1,2,2,2
1781,1,1,1,2,1,1
1782,2,1,1,1,1,1
1783,1,1,1,1,1,1
1784,2,2,2,2,2,1
1785,2,1,1,1,1,2
1786,2,1,1,1,2,2
1787,2,1,1,1,1,1
1788,1,1,1,1,1,1
1789,1,1,1,2,1,1
1790,1,2,2,2,2,2
1791,1,1,1,2,2,2
1792,2,2,2,2,2,2
1793,2,1,2,2,2,1
1794,1,1,1,1,1,1
1795,2,1,1,2,1,1
1796,1,1,1,1,2,1
1797,2,1,1,1,1,1
1798,1,1,1,2,2,2
1799,2,2,2,1,1,1
1800,1,1,1,1,2,2
1801,2,1,1,1,1,1
1802,1,1,1,1,1,1
1803,1,1,1,1,2,2
1804,1,1,1,1,2,2
1805,2,2,1,2,2,2
1806,1,1,1,1,1,1
1807,1,1,1,2,1,2
1808,1,1,1,1,1,1
1809,1,1,2,1,1,1
1810,1,1,1,1,1,1
1811,1,2,2,1,1,1
1812,1,1,1,1,1,1
1813,2,2,2,1,1,2
1814,1,1,1,2,2,1
1815,2,1,1,1,2,2
1816,2,2,2,2,2,2
1817,1,2,1,2,1,2
1818,2,2,2,1,1,1
1819,2,1,1,1,1,1
1820,2,2,2,2,1,1
1821,1,1,1,1,1,2
1822,2,1,1,1,1,1
1823,2,2,2,1,1,1
1824,1,1,1,2,1,2
1825,2,2,2,2,1,2
1826,1,1,1,2,2,1
1827,1,1,1,1,1,1
1828,1,1,1,1,1,1
1829,2,1,2,2,1,1
1830,2,1,1,1,1,1
1831,2,2,2,1,1,2
1832,1,1,1,2,2,2
1833,1,1,1,1,1,1
1834,1,1,1,2,1,2
1835,1,2,1,1,1,1
1836,1,1,1,2,1,2
1837,1,1,1,1,1,2
1838,1,1,1,2,2,2
1839,2,2,2,2,2,2
1840,2,1,2,1,2,2
1841,1,2,1,1,2,2
1842,1,1,2,1,1,1
1843,1,2,2,1,1,1
1844,2,2,2,2,2,2
1845,2,1,1,1,1,1
1846,1,1,2,1,1,1
1847,2,1,1,2,2,1
1848,1,1,1,1,2,2
1849,1,1,2,1,1,2
1850,1,1,1,1,2,2
1851,1,1,1,1,1,1
1852,1,2,2,1,1,1
1853,1,2,1,2,2,1
1854,1,1,1,1,2,2
1855,2,1,1,1,1,2
1856,1,1,1,1,1,1
1857,1,1,1,1,1,1
1858,2,2,1,2,1,1
1859,1,1,1,1,1,1
1860,2,1,1,1,1,1
1861,1,1,1,2,2,2
1862,1,1,1,1,1,1
1863,1,1,1,1,2,1
1864,1,2,1,2,2,2
1865,1,2,1,2,1,1
1866,1,1,1,2,2,2
1867,1,2,2,2,2,1
1868,2,2,2,2,2,2
1869,1,1,1,2,2,2
1870,1,1,1,1,2,2
1871,2,2,1,1,2,1
1872,1,1,1,2,1,1
1873,2,2,2,2,2,2
1874,2,2,1,1,2,1
1875,2,2,2,2,1,1
1876,1,1,1,1,1,1
1877,1,1,2,1,1,1
1878,2,1,1,2,2,2
1879,1,2,2,1,1,1
1880,1,1,1,1,1,1
1881,1,1,1,1,2,2
1882,2,2,1,2,2,2
1883,2,1,2,2,1,1
1884,1,1,2,2,1,1
1885,2,1,2,1,1,1
1886,2,2,2,1,1,1
1887,2,2,2,2,1,1
1888,1,2,1,2,1,1
1889,2,2,2,2,2,2
1890,2,2,1,1,1,1
1891,2,2,2,2,1,2
1892,1,2,2,2,2,2
1893,2,2,2,1,1,1
1894,1,2,1,1,2,2
1895,1,2,1,2,1,2
1896,2,2,2,1,1,1
1897,1,1,1,2,2,1
1898,1,1,1,2,1,2
1899,2,1,1,1,2,2
1900,2,1,2,2,1,1
1901,1,1,1,2,2,1
1902,1,1,1,1,1,1
1903,1,1,1,2,1,2
1904,2,2,2,2,1,1
1905,1,1,1,2,2,1
1906,2,1,2,1,1,1
1907,1,2,1,2,2,1
1908,1,2,2,2,2,2
1909,1,1,1,1,1,1
1910,1,1,1,1,1,1
1911,2,2,2,2,2,2
1912,1,2,1,1,1,1
1913,2,1,1,2,1,2
1914,1,2,2,1,1,1
1915,2,2,2,1,1,1
1916,1,2,2,2,2,1
1917,2,1,1,1,1,2
1918,2,2,2,1,1,1
1919,1,1,1,1,2,1
1920,1,1,1,1,1,1
1921,1,1,2,1,1,1
1922,1,1,1,1,1,1
1923,1,1,1,1,2,2
1924,2,1,1,2,1,1
1925,2,1,1,2,1,1
1926,2,2,2,2,1,1
1927,2,1,2,2,2,2
1928,2,2,2,1,1,1
1929,1,2,2,1,1,1
1930,1,1,1,2,2,1
1931,1,1,1,1,2,1
1932,1,2,1,1,2,2
1933,1,1,2,1,1,1
1934,2,2,1,2,2,2
1935,2,2,2,2,1,2
1936,2,1,1,1,1,1
1937,2,2,2,1,1,2
1938,1,1,1,1,1,2
1939,1,1,2,1,1,1
1940,2,2,2,2,2,2
1941,1,1,2,2,1,2
1942,2,2,1,2,1,2
1943,2,2,1,1,1,1
1944,2,1,2,1,1,1
1945,1,1,1,1,1,1
1946,2,2,2,1,1,1
1947,1,2,2,1,1,1
1948,2,1,1,1,1,1
1949,2,1,1,1,1,1
1950,1,1,2,2,2,2
1951,2,2,2,2,1,2
1952,1,1,1,2,1,2
1953,2,2,2,1,1,1
1954,1,1,1,2,2,2
1955,2,1,2,2,1,1
1956,1,1,1,1,2,2
1957,1,1,1,1,1,2
1958,1,1,1,1,1,1
1959,1,1,1,2,2,2
1960,1,1,1,1,1,1
1961,1,2,2,2,1,1
1962,2,2,2,1,2,2
1963,2,2,1,2,2,1
1964,2,1,2,2,1,1
1965,1,1,1,1,1,1
1966,1,1,1,1,2,2
1967,1,1,1,1,1,1
1968,1,1,1,1,2,2
1969,1,2,1,1,1,1
1970,2,2,1,2,2,2
1971,1,2,1,1,1,2
1972,2,1,1,1,1,1
1973,1,1,2,1,1,2
1974,1,1,1,1,1,2
1975,2,1,1,1,1,1
1976,2,2,1,1,1,2
1977,1,1,1,1,1,1
1978,1,2,1,2,1,2
1979,1,1,2,2,2,2
1980,2,1,2,2,1,1
1981,2,1,1,1,2,2
1982,1,1,1,2,2,2
1983,1,1,2,2,1,2
1984,1,1,1,2,2,2
1985,1,1,1,2,2,2
1986,2,2,2,1,1,1
1987,1,1,1,1,1,1
1988,1,1,1,1,1,1
1989,2,2,2,2,2,2
1990,2,1,1,1,1,2
1991,1,1,1,2,2,1
1992,2,2,1,1,1,1
1993,1,2,1,2,2,2
1994,1,1,1,1,1,1
1995,2,2,2,1,1,1
1996,1,1,1,1,2,2
1997,2,1,1,1,1,1
1998,1,1,1,1,1,1
1999,1,1,2,2,1,1
2000,2,1,1,2,1,1
